Result,MP,FG,FGA,FG%,3P,3PA,3P%,FT,FTA,FT%,ORB,DRB,TRB,AST,STL,BLK,TOV,PF,PTS,GmSc
L,42:50:00,12,20,0.6,0,2,0,1,3,0.333,2,4,6,9,4,0,2,3,25,24.7
L,40:21:00,8,17,0.471,1,5,0.2,4,7,0.571,2,10,12,8,1,0,7,1,21,14.7
L,39:10:00,3,12,0.25,0,1,0,2,2,1,0,4,4,6,2,0,2,3,8,5
L,41:06:00,3,11,0.273,0,2,0,1,1,1,2,9,11,7,2,3,2,1,7,11.2
L,43:44:00,8,18,0.444,1,2,0.5,6,7,0.857,0,5,5,3,0,0,7,2,23,9
W,44:30:00,8,19,0.421,0,0,,1,4,0.25,5,3,8,9,1,1,2,1,17,15.7
W,33:39:00,7,12,0.583,3,3,1,0,0,,1,4,5,4,1,1,2,0,17,15.8
L,42:40:00,6,15,0.4,2,5,0.4,4,6,0.667,1,2,3,7,2,1,4,3,18,12.8
L,35:36:00,3,12,0.25,2,4,0.5,2,4,0.5,1,4,5,3,0,0,4,3,10,0.8
W,46:57:00,10,19,0.526,0,1,0,2,4,0.5,0,5,5,8,1,2,5,2,22,15.6
W,39:25:00,6,16,0.375,0,2,0,2,4,0.5,2,5,7,8,0,1,3,2,14,9.8
L,39:09:00,10,18,0.556,2,4,0.5,6,8,0.75,2,5,7,8,2,1,4,2,28,25
L,35:18:00,8,19,0.421,0,2,0,3,3,1,2,7,9,2,1,0,1,4,19,12.2
L,42:18:00,3,16,0.188,0,1,0,9,10,0.9,2,4,6,4,2,1,3,1,15,9.3
L,38:48:00,5,17,0.294,1,4,0.25,4,4,1,2,6,8,9,0,0,4,1,15,10.2
L,36:27:00,2,8,0.25,0,2,0,2,3,0.667,0,2,2,7,0,0,4,3,6,1.1
L,54:41:00,14,28,0.5,3,6,0.5,2,3,0.667,2,14,16,7,1,1,8,1,33,22.4
L,32:31:00,6,19,0.316,2,3,0.667,5,7,0.714,3,3,6,5,2,0,2,4,19,12.2
L,34:05:00,2,13,0.154,0,3,0,0,0,,4,2,6,8,2,0,5,2,4,0.9
W,36:04:00,4,12,0.333,0,2,0,0,0,,1,5,6,5,2,1,3,2,8,5.8
L,37:03:00,7,16,0.438,0,0,,4,4,1,0,5,5,3,1,0,2,2,18,11.4
W,42:46:00,8,21,0.381,1,3,0.333,6,8,0.75,1,2,3,9,1,1,4,3,23,14.8
L,45:25:00,10,20,0.5,1,5,0.2,16,18,0.889,1,2,3,4,0,0,2,2,37,27.5
L,43:40:00,10,16,0.625,0,3,0,7,8,0.875,1,3,4,6,3,3,6,1,27,23.9
L,36:00:00,7,19,0.368,2,4,0.5,1,2,0.5,0,1,1,3,0,0,2,2,17,5.7
W,41:41:00,14,24,0.583,5,7,0.714,3,3,1,1,3,4,5,4,0,4,1,36,29.5
W,41:44:00,11,22,0.5,0,5,0,10,12,0.833,1,5,6,10,2,2,4,2,32,28
W,39:10:00,7,22,0.318,1,6,0.167,7,8,0.875,2,4,6,2,6,1,5,1,22,14.3
L,47:06:00,13,28,0.464,4,10,0.4,4,5,0.8,1,1,2,6,2,1,8,0,34,19.1
L,34:20:00,7,24,0.292,1,4,0.25,3,4,0.75,1,2,3,4,1,2,5,0,18,5.1
W,39:05:00,15,23,0.652,0,2,0,2,2,1,3,7,10,9,3,0,5,1,32,30
L,38:07:00,9,20,0.45,0,4,0,4,6,0.667,2,8,10,4,0,0,4,2,22,12.6
L,36:04:00,6,19,0.316,0,4,0,2,4,0.5,1,3,4,9,1,0,3,2,14,7.4
W,41:25:00,6,17,0.353,0,2,0,2,2,1,0,4,4,10,1,1,4,1,14,10
L,38:14:00,10,23,0.435,0,3,0,1,2,0.5,0,2,2,5,0,0,2,3,21,9.4
L,42:13:00,7,19,0.368,0,3,0,5,7,0.714,0,3,3,6,3,0,5,1,19,10.4
L,36:26:00,6,20,0.3,0,3,0,4,5,0.8,1,4,5,7,1,1,6,3,16,5.3
W,43:54:00,11,26,0.423,0,1,0,5,6,0.833,4,5,9,9,2,0,4,2,27,20.6
L,43:25:00,8,21,0.381,2,5,0.4,11,13,0.846,2,4,6,6,3,0,2,0,29,24.5
W,44:25:00,12,28,0.429,2,4,0.5,3,5,0.6,1,6,7,2,2,1,4,2,29,15.2
W,29:58:00,7,19,0.368,1,2,0.5,1,2,0.5,0,5,5,3,0,2,3,4,16,5.5
W,44:24:00,10,25,0.4,0,1,0,7,10,0.7,0,5,5,4,2,1,1,1,27,17.9
L,37:17:00,7,25,0.28,1,6,0.167,5,8,0.625,2,6,8,3,1,0,5,5,20,3.4
W,43:24:00,14,27,0.519,1,2,0.5,9,11,0.818,3,3,6,4,0,2,6,4,38,23.5
W,38:11:00,5,19,0.263,0,1,0,2,2,1,1,3,4,6,2,0,1,2,12,6.7
L,43:05:00,12,26,0.462,4,4,1,4,5,0.8,0,4,4,4,0,0,0,0,32,22.2
L,44:35:00,6,18,0.333,1,3,0.333,1,4,0.25,1,8,9,5,0,0,3,2,14,5.4
L,34:04:00,6,16,0.375,0,0,,2,2,1,0,0,0,6,4,1,3,2,14,10.3
W,43:18:00,9,25,0.36,1,6,0.167,5,6,0.833,0,6,6,3,2,1,1,3,24,14.1
L,29:32:00,2,13,0.154,0,1,0,5,5,1,1,1,2,5,1,0,5,0,9,1.2
L,33:39:00,6,12,0.5,0,0,,4,4,1,2,2,4,9,0,1,5,2,16,13.2
W,39:37:00,14,23,0.609,0,0,,4,4,1,2,9,11,2,2,1,2,0,32,27.7
W,43:47:00,7,20,0.35,0,0,,8,12,0.667,1,4,5,3,1,0,1,2,22,12.4
W,36:36:00,7,16,0.438,1,5,0.2,6,6,1,0,4,4,6,2,5,1,3,21,21.3
L,38:38:00,5,18,0.278,0,2,0,1,3,0.333,2,5,7,5,2,1,2,1,11,6.3
W,49:13:00,11,19,0.579,1,1,1,7,8,0.875,1,10,11,3,3,1,5,1,30,24.8
L,40:48:00,7,17,0.412,0,2,0,4,6,0.667,0,3,3,3,4,1,3,2,18,12
W,27:36:00,9,17,0.529,1,2,0.5,5,6,0.833,1,6,7,3,1,1,1,0,24,20.6
W,37:47:00,7,17,0.412,2,2,1,3,4,0.75,2,4,6,4,2,0,4,5,19,10.9
W,42:42:00,11,24,0.458,0,3,0,2,3,0.667,2,5,7,10,4,1,2,3,24,22.6
W,45:06:00,11,23,0.478,1,4,0.25,11,13,0.846,2,4,6,7,1,0,2,1,34,27.6
W,33:46:00,4,13,0.308,0,0,,6,7,0.857,1,2,3,4,1,0,2,2,14,8.4
W,44:09:00,12,22,0.545,0,2,0,2,4,0.5,0,3,3,4,3,1,4,3,26,16.8
W,32:08:00,5,16,0.313,2,3,0.667,5,8,0.625,3,2,5,8,0,5,4,1,17,14
L,34:16:00,4,14,0.286,0,2,0,6,10,0.6,0,0,0,7,2,1,2,3,14,8.6
L,36:45:00,5,17,0.294,1,4,0.25,4,5,0.8,2,5,7,3,0,2,4,4,15,5.5
L,40:58:00,8,21,0.381,2,5,0.4,7,9,0.778,1,1,2,6,3,1,5,0,25,16.6
L,32:46:00,5,13,0.385,1,2,0.5,5,9,0.556,2,1,3,7,0,1,5,1,16,9.2
W,43:48:00,15,29,0.517,1,2,0.5,10,10,1,2,4,6,13,3,0,2,1,41,39
L,31:40:00,9,20,0.45,0,1,0,0,0,,0,2,2,4,0,1,2,0,18,9.7
L,42:05:00,13,22,0.591,0,2,0,2,4,0.5,1,4,5,6,4,0,3,2,28,23.3
L,36:38:00,9,19,0.474,0,0,,2,2,1,0,7,7,7,5,0,5,3,20,16.1
L,46:15:00,12,28,0.429,3,5,0.6,7,11,0.636,3,5,8,10,1,1,3,1,34,26.5
L,46:00:00,5,17,0.294,0,0,,11,14,0.786,1,5,6,4,3,0,3,2,21,14.1
L,36:35:00,4,11,0.364,0,0,,6,7,0.857,0,3,3,5,3,0,2,4,14,11.3
L,42:13:00,6,14,0.429,1,1,1,11,15,0.733,1,6,7,8,1,0,8,2,24,15.3
W,31:38:00,4,11,0.364,0,2,0,2,5,0.4,1,2,3,11,0,0,2,3,10,8.5
W,45:18:00,9,20,0.45,1,4,0.25,8,11,0.727,1,6,7,9,2,0,1,1,27,24.8
W,35:05:00,8,17,0.471,0,3,0,1,1,1,0,1,1,5,3,0,5,1,17,9.7
L,50:56:00,8,19,0.421,2,5,0.4,10,12,0.833,1,4,5,8,1,3,6,2,28,20.9
L,42:20:00,9,22,0.409,2,3,0.667,1,1,1,3,3,6,8,1,0,1,0,21,17.8
L,41:53:00,8,20,0.4,0,3,0,15,22,0.682,2,6,8,6,3,0,4,0,31,23.8
W,48:00:00,8,17,0.471,1,4,0.25,8,12,0.667,1,9,10,4,4,2,3,2,25,22.5
W,48:21:00,13,24,0.542,1,2,0.5,11,12,0.917,3,7,10,6,3,3,3,1,38,36.1
W,37:24:00,10,20,0.5,0,3,0,4,5,0.8,1,8,9,4,3,2,4,0,24,19.9
W,41:58:00,12,22,0.545,3,5,0.6,6,8,0.75,2,10,12,4,2,1,1,1,33,30.1
W,29:06:00,8,14,0.571,2,3,0.667,1,2,0.5,1,5,6,9,0,0,1,3,19,18.3
W,37:49:00,11,20,0.55,0,2,0,3,4,0.75,5,3,8,2,3,1,7,0,25,17.5
L,40:41:00,5,15,0.333,1,3,0.333,2,3,0.667,2,7,9,10,1,1,5,3,13,10.1
W,37:30:00,15,22,0.682,2,3,0.667,11,12,0.917,3,3,6,5,3,1,3,3,43,39.2
W,42:48:00,9,13,0.692,0,2,0,2,3,0.667,0,6,6,8,3,1,2,2,20,22.4
W,31:55:00,11,17,0.647,1,2,0.5,3,4,0.75,1,6,7,7,1,0,2,0,26,24.5
L,42:19:00,9,19,0.474,0,2,0,4,5,0.8,1,6,7,5,6,1,3,2,22,20.8
L,40:47:00,6,19,0.316,0,2,0,3,4,0.75,1,2,3,6,2,1,6,2,15,5.1
W,41:10:00,8,17,0.471,0,0,,1,2,0.5,1,7,8,9,2,1,5,3,17,13.5
W,42:50:00,10,17,0.588,1,3,0.333,6,7,0.857,0,6,6,10,2,1,3,2,27,26.4
W,46:05:00,11,22,0.5,0,1,0,5,6,0.833,0,2,2,8,3,0,3,4,27,20.2
L,37:18:00,5,15,0.333,0,2,0,9,12,0.75,0,2,2,6,1,1,4,2,19,11
L,41:13:00,10,19,0.526,1,3,0.333,2,2,1,3,3,6,10,4,0,3,2,23,23.9
W,45:49:00,14,22,0.636,1,3,0.333,2,4,0.5,0,5,5,8,7,0,3,2,31,30.7
W,37:09:00,10,18,0.556,2,3,0.667,3,3,1,2,9,11,7,3,2,3,1,25,26.4
L,45:04:00,4,21,0.19,0,2,0,3,5,0.6,1,8,9,7,4,1,3,2,11,6
L,40:32:00,12,25,0.48,3,5,0.6,4,8,0.5,1,4,5,4,3,1,4,6,31,18.7
W,43:11:00,10,18,0.556,0,1,0,6,8,0.75,0,6,6,12,1,0,2,2,26,25
L,42:38:00,7,18,0.389,1,1,1,8,10,0.8,1,8,9,9,1,0,4,2,23,18
W,44:40:00,7,16,0.438,0,1,0,8,9,0.889,1,8,9,14,4,1,5,2,22,25
W,46:20:00,13,25,0.52,3,5,0.6,11,14,0.786,1,8,9,7,1,0,1,2,40,33.7
L,17:23,0,5,0,0,1,0,3,5,0.6,0,3,3,5,0,0,0,0,3,3.1
W,40:18:00,11,19,0.579,0,3,0,4,6,0.667,2,6,8,6,2,0,1,3,26,23.5
W,39:39:00,7,14,0.5,2,5,0.4,4,6,0.667,1,5,6,9,1,1,2,4,20,18.8
W,32:42:00,10,14,0.714,0,0,,2,2,1,1,2,3,4,0,2,8,2,22,12.9
W,49:02:00,11,24,0.458,2,5,0.4,5,7,0.714,1,7,8,9,2,1,8,1,29,19.2
L,44:20:00,12,26,0.462,1,4,0.25,3,4,0.75,3,10,13,9,1,1,4,1,28,22.9
W,41:18:00,9,20,0.45,0,1,0,9,14,0.643,1,7,8,5,5,0,3,2,27,22.1
L,44:09:00,14,30,0.467,3,7,0.429,4,6,0.667,2,3,5,11,4,1,1,4,35,30.9
W,43:47:00,11,16,0.688,1,1,1,4,6,0.667,1,10,11,10,4,0,2,4,27,30.5
L,36:37:00,9,19,0.474,0,1,0,0,1,0,1,7,8,6,1,0,3,0,18,12.9
W,43:15:00,13,24,0.542,0,1,0,2,2,1,1,11,12,10,1,1,3,1,28,25.7
L,48:00:00,12,26,0.462,1,1,1,6,10,0.6,4,6,10,8,2,1,5,3,31,22.7
W,41:47:00,10,16,0.625,4,6,0.667,3,4,0.75,1,8,9,15,3,2,5,1,27,32
L,43:20:00,10,20,0.5,0,3,0,8,13,0.615,2,3,5,7,0,1,3,2,28,20.1
L,45:57:00,11,23,0.478,1,3,0.333,8,12,0.667,2,0,2,10,3,0,2,2,31,26.3
W,45:36:00,9,21,0.429,0,3,0,12,13,0.923,0,6,6,9,2,0,1,2,30,26.8
W,36:10:00,6,14,0.429,0,3,0,3,4,0.75,1,7,8,11,3,0,2,1,15,18.3
L,43:05:00,12,29,0.414,1,6,0.167,10,12,0.833,2,4,6,6,1,0,4,2,35,21.7
W,45:42:00,8,20,0.4,0,0,,9,10,0.9,2,6,8,9,3,1,3,3,25,22.8
W,37:00:00,11,20,0.55,2,2,1,4,5,0.8,0,5,5,6,3,0,3,0,28,23.7
L,41:02:00,10,19,0.526,1,2,0.5,5,6,0.833,2,5,7,8,1,0,2,0,26,23.8
W,44:19:00,8,17,0.471,1,1,1,10,15,0.667,1,5,6,11,5,0,3,2,27,27.4
L,40:29:00,9,25,0.36,0,1,0,3,4,0.75,3,4,7,5,2,1,2,0,21,14.2
L,45:05:00,9,20,0.45,1,2,0.5,9,10,0.9,1,3,4,7,2,0,5,4,28,19.1
L,44:41:00,6,22,0.273,1,4,0.25,7,10,0.7,1,7,8,7,0,0,2,3,20,10.3
L,40:51:00,11,20,0.55,5,7,0.714,5,8,0.625,0,5,5,5,0,0,4,2,32,21.4
L,39:57:00,12,21,0.571,0,1,0,10,12,0.833,1,6,7,7,4,0,6,1,34,28.3
L,40:14:00,9,19,0.474,0,1,0,5,7,0.714,0,4,4,5,2,0,1,1,23,17.8
W,40:37:00,9,22,0.409,2,6,0.333,3,4,0.75,0,7,7,8,1,1,1,3,23,18
W,42:51:00,12,23,0.522,1,5,0.2,10,11,0.909,2,3,5,5,1,0,4,1,35,25.7
W,34:11:00,11,15,0.733,2,5,0.4,12,16,0.75,2,7,9,2,0,1,1,1,36,32.5
L,45:07:00,13,26,0.5,4,9,0.444,4,7,0.571,1,6,7,6,1,0,5,0,34,22.5
L,46:00:00,3,20,0.15,0,4,0,10,12,0.833,0,8,8,8,4,0,4,0,16,10.4
L,48:00:00,18,36,0.5,6,12,0.5,14,15,0.933,2,8,10,5,2,0,4,0,56,42.9
W,42:56:00,11,24,0.458,2,7,0.286,5,8,0.625,1,5,6,6,1,0,0,1,29,22.4
L,41:47:00,7,22,0.318,1,4,0.25,4,7,0.571,0,4,4,8,1,0,2,1,19,10.6
L,35:39:00,7,17,0.412,0,2,0,5,6,0.833,1,3,4,6,0,0,3,1,19,11.9
W,53:00:00,16,29,0.552,3,10,0.3,9,11,0.818,2,4,6,3,4,0,10,3,44,26.8
W,40:47:00,7,20,0.35,2,8,0.25,6,7,0.857,0,7,7,5,2,1,1,0,22,17.7
L,53:00:00,10,28,0.357,1,4,0.25,5,11,0.455,4,2,6,7,4,2,3,5,26,16.7
L,44:09:00,13,21,0.619,2,4,0.5,7,10,0.7,0,8,8,9,2,0,7,2,35,27.2
W,48:00:00,10,23,0.435,4,8,0.5,13,13,1,2,8,10,7,2,1,6,3,37,29.1
L,39:50:00,9,19,0.474,3,6,0.5,3,6,0.5,2,7,9,4,2,2,6,2,24,16
L,33:17:00,9,18,0.5,0,3,0,2,4,0.5,2,2,4,3,1,0,2,2,20,12.5
L,48:00:00,12,30,0.4,2,6,0.333,11,11,1,4,9,13,7,5,0,5,1,37,30.8
W,46:35:00,15,26,0.577,7,13,0.538,3,3,1,1,9,10,10,2,1,3,2,40,37.1
W,48:00:00,12,23,0.522,1,6,0.167,8,10,0.8,1,6,7,6,5,1,2,4,33,29.7
L,41:31:00,7,25,0.28,4,13,0.308,9,14,0.643,1,17,18,7,2,2,4,3,27,19.2
L,48:00:00,16,33,0.485,1,6,0.167,5,8,0.625,2,4,6,6,1,0,1,3,38,25.7
L,45:12:00,12,35,0.343,2,7,0.286,11,14,0.786,3,8,11,6,0,1,1,0,37,24.5
W,46:06:00,13,27,0.481,2,3,0.667,4,5,0.8,1,7,8,6,5,0,3,3,32,25.7
W,48:00:00,10,23,0.435,2,8,0.25,5,10,0.5,2,12,14,14,0,1,2,1,27,26
W,33:23:00,9,16,0.563,6,7,0.857,7,8,0.875,1,2,3,4,2,0,3,3,31,24.9
L,36:34:00,7,16,0.438,0,3,0,6,7,0.857,0,6,6,4,0,1,3,3,20,12.3
L,40:51:00,14,29,0.483,4,9,0.444,4,5,0.8,0,2,2,6,2,0,2,2,36,24.9
W,36:28:00,9,17,0.529,0,2,0,9,12,0.75,0,3,3,6,1,2,1,3,27,22.8
W,35:38:00,10,18,0.556,0,2,0,11,11,1,1,4,5,1,0,1,4,1,31,21.3
W,25:40:00,5,11,0.455,0,1,0,6,6,1,1,5,6,2,3,1,3,5,16,12.6
W,48:54:00,9,20,0.45,1,4,0.25,7,11,0.636,0,5,5,3,0,1,2,2,26,15.5
W,42:26:00,15,23,0.652,2,3,0.667,5,5,1,1,9,10,4,0,2,3,1,37,31.1
W,33:56:00,6,17,0.353,0,3,0,4,6,0.667,1,5,6,4,2,0,4,2,16,7.9
W,46:51:00,14,24,0.583,0,2,0,8,10,0.8,2,9,11,10,1,1,5,1,36,31.4
W,40:59:00,13,20,0.65,1,3,0.333,9,11,0.818,0,5,5,4,2,2,1,4,36,31.5
L,43:02:00,6,20,0.3,0,4,0,7,11,0.636,1,9,10,4,5,1,6,4,19,10.1
L,44:04:00,13,29,0.448,6,11,0.545,6,6,1,2,3,5,2,4,0,2,2,38,27.8
W,49:56:00,7,20,0.35,0,3,0,14,17,0.824,0,7,7,9,1,1,6,1,28,19.3
L,45:07:00,14,27,0.519,0,5,0,6,8,0.75,0,3,3,8,1,3,1,1,34,28.1
L,44:41:00,8,25,0.32,3,5,0.6,11,14,0.786,0,5,5,6,1,1,1,3,30,19.7
W,44:19:00,10,23,0.435,1,5,0.2,9,12,0.75,2,4,6,6,2,3,5,2,30,21.8
L,44:49:00,11,26,0.423,0,4,0,10,15,0.667,2,4,6,3,0,1,7,3,32,13.4
L,42:48:00,19,29,0.655,5,9,0.556,9,10,0.9,0,7,7,7,2,0,3,5,52,42.9
L,45:08:00,13,23,0.565,3,6,0.5,10,16,0.625,0,10,10,6,2,0,6,5,39,26.9
W,45:06:00,11,18,0.611,1,4,0.25,3,6,0.5,0,4,4,9,1,0,3,3,26,20.9
W,46:23:00,12,19,0.632,2,4,0.5,15,16,0.938,0,5,5,10,1,0,4,3,41,36.4
W,28:55:00,8,12,0.667,1,1,1,8,9,0.889,2,4,6,4,3,2,5,1,25,23.8
W,43:51:00,12,25,0.48,4,6,0.667,9,13,0.692,0,5,5,6,4,0,2,2,37,29.6
W,43:51:00,4,16,0.25,0,1,0,6,11,0.545,1,7,8,9,1,0,3,1,14,9.1
W,44:58:00,12,25,0.48,0,5,0,8,12,0.667,1,7,8,6,2,2,2,0,32,26.1
L,40:18:00,12,21,0.571,1,5,0.2,6,9,0.667,1,9,10,8,2,0,4,3,31,25.7
W,44:33:00,11,22,0.5,2,5,0.4,6,7,0.857,1,6,7,7,4,1,5,2,30,24.9
W,45:42:00,12,29,0.414,2,8,0.25,6,7,0.857,2,9,11,11,5,1,4,1,32,29.2
L,44:15:00,13,19,0.684,3,7,0.429,3,6,0.5,1,8,9,5,1,0,3,4,32,25.7
W,45:12:00,14,22,0.636,3,7,0.429,4,9,0.444,2,5,7,6,0,1,0,1,35,30.6
L,46:00:00,14,31,0.452,0,7,0,8,11,0.727,0,7,7,7,0,1,1,0,36,25.4
L,40:06:00,11,22,0.5,2,3,0.667,4,9,0.444,0,2,2,9,0,0,5,2,28,16.1
L,43:45:00,18,28,0.643,5,8,0.625,5,5,1,0,7,7,8,1,0,1,1,46,40.9
L,41:19:00,10,26,0.385,1,5,0.2,8,11,0.727,2,11,13,7,1,3,2,3,29,23.1
L,41:35:00,7,20,0.35,2,6,0.333,8,15,0.533,2,9,11,9,0,0,2,5,24,16.4
L,35:12:00,5,22,0.227,0,3,0,4,6,0.667,1,8,9,6,0,0,6,3,14,-0.1
W,42:47:00,19,35,0.543,4,8,0.5,9,11,0.818,0,5,5,8,2,0,3,4,51,37.8
W,35:22:00,7,21,0.333,2,5,0.4,7,10,0.7,0,7,7,8,2,2,1,0,23,20
W,45:54:00,11,22,0.5,1,5,0.2,15,20,0.75,1,8,9,6,3,1,5,2,38,30.2
W,45:06:00,12,23,0.522,1,2,0.5,5,8,0.625,1,6,7,9,3,1,6,1,30,23.6
W,42:45:00,17,33,0.515,3,7,0.429,7,12,0.583,1,10,11,7,1,1,6,1,44,29.6
W,31:34:00,11,19,0.579,2,6,0.333,6,11,0.545,1,5,6,6,5,1,4,2,30,26.4
W,44:26:00,8,21,0.381,0,2,0,10,12,0.833,0,11,11,10,1,1,4,2,26,20.9
L,39:18:00,12,29,0.414,2,5,0.4,3,3,1,1,4,5,7,1,0,1,0,29,20.3
L,47:11:00,10,17,0.588,2,7,0.286,9,10,0.9,2,2,4,6,2,1,4,0,31,27.6
W,45:21:00,9,20,0.45,2,7,0.286,2,4,0.5,0,9,9,12,0,2,4,4,22,17.7
W,45:38:00,11,34,0.324,1,5,0.2,12,17,0.706,1,10,11,8,1,0,0,3,35,22.7
L,45:23:00,6,23,0.261,0,3,0,6,8,0.75,1,8,9,8,1,0,2,2,18,10.4
L,43:48:00,10,17,0.588,5,6,0.833,8,8,1,1,4,5,6,1,2,2,5,33,29.6
W,40:43:00,19,33,0.576,1,3,0.333,5,8,0.625,2,1,3,5,4,0,2,0,44,34.5
W,53:55:00,16,32,0.5,0,5,0,11,15,0.733,1,11,12,11,2,4,2,5,43,37.9
W,42:51:00,10,24,0.417,1,5,0.2,5,7,0.714,0,2,2,9,1,2,2,0,26,19.7
L,43:07:00,13,24,0.542,1,4,0.25,6,10,0.6,3,3,6,5,2,1,6,3,33,21.8
L,47:46:00,7,21,0.333,3,8,0.375,8,19,0.421,0,7,7,9,1,0,4,2,25,13.3
L,37:46:00,9,20,0.45,2,3,0.667,2,3,0.667,1,8,9,7,0,0,3,3,22,15
L,46:34:00,9,22,0.409,0,3,0,8,10,0.8,1,3,4,6,0,1,5,0,26,14.9
L,44:40:00,7,21,0.333,1,4,0.25,4,7,0.571,1,6,7,12,1,2,5,1,19,13.8
W,46:37:00,11,27,0.407,0,3,0,11,13,0.846,2,9,11,8,0,1,5,4,33,21.5
W,46:27:00,15,28,0.536,1,3,0.333,6,6,1,0,9,9,7,2,0,3,3,37,28.8
W,43:44:00,5,17,0.294,2,6,0.333,5,6,0.833,1,11,12,8,1,0,2,2,17,14.5
W,44:17:00,13,24,0.542,1,3,0.333,8,12,0.667,1,5,6,6,1,0,0,2,35,28.4
L,38:58:00,9,22,0.409,2,6,0.333,5,6,0.833,2,5,7,2,2,1,5,0,25,14.8
L,45:17:00,11,27,0.407,1,6,0.167,24,28,0.857,2,5,7,4,0,1,5,2,47,31.5
L,44:58:00,14,27,0.519,0,2,0,8,8,1,1,11,12,5,0,2,4,1,36,27.2
W,44:10:00,9,23,0.391,1,6,0.167,8,10,0.8,2,7,9,5,6,0,1,2,27,24.9
W,46:52:00,10,24,0.417,3,4,0.75,6,10,0.6,1,7,8,7,1,0,7,3,29,15.1
W,50:11:00,10,21,0.476,1,5,0.2,16,23,0.696,0,11,11,12,0,1,5,4,37,29.3
W,44:51:00,13,26,0.5,4,8,0.5,6,8,0.75,3,4,7,8,2,3,0,2,36,34.4
W,48:56:00,14,34,0.412,0,4,0,8,11,0.727,3,3,6,5,2,0,2,2,36,22.3
W,43:26:00,16,23,0.696,4,7,0.571,10,13,0.769,0,5,5,4,3,0,2,3,46,39.2
W,45:29:00,16,25,0.64,2,6,0.333,13,14,0.929,4,8,12,9,2,0,4,3,47,43.8
W,41:17:00,13,24,0.542,2,5,0.4,7,9,0.778,1,11,12,8,1,2,3,5,35,29.6
W,34:40:00,13,22,0.591,4,10,0.4,7,9,0.778,1,3,4,7,4,0,3,4,37,31.9
L,44:48:00,12,24,0.5,4,7,0.571,8,14,0.571,0,2,2,7,3,0,5,3,36,23.9
W,44:09:00,12,26,0.462,0,3,0,13,16,0.813,1,4,5,7,1,0,6,5,37,22.2
W,42:07:00,12,24,0.5,0,3,0,8,12,0.667,1,3,4,6,0,0,2,1,32,21.8
L,31:21:00,8,18,0.444,0,3,0,6,8,0.75,0,3,3,1,0,0,2,0,22,11.4
L,29:32:00,8,16,0.5,0,0,,1,2,0.5,0,5,5,4,1,1,3,2,17,10.8
W,40:38:00,11,24,0.458,2,4,0.5,2,6,0.333,3,7,10,5,0,2,5,2,26,15.3
W,41:53:00,14,26,0.538,1,2,0.5,6,11,0.545,1,9,10,4,1,1,2,3,35,25.1
L,38:06:00,3,13,0.231,1,3,0.333,9,10,0.9,4,5,9,7,0,1,2,0,16,15.6
L,47:17:00,13,26,0.5,3,8,0.375,5,11,0.455,0,7,7,6,2,1,2,1,34,25.2
W,37:50:00,6,13,0.462,0,1,0,7,8,0.875,0,4,4,12,3,2,3,0,19,22.9
W,43:32:00,9,17,0.529,1,4,0.25,19,23,0.826,1,7,8,5,3,0,2,4,38,33.8
W,41:20:00,10,19,0.526,3,4,0.75,6,9,0.667,0,4,4,6,2,1,3,2,29,22.8
W,38:54:00,10,15,0.667,3,6,0.5,9,11,0.818,0,7,7,7,2,1,4,2,32,29.6
W,40:30:00,12,24,0.5,2,5,0.4,11,14,0.786,2,7,9,6,1,2,4,1,37,29.5
L,33:20:00,8,20,0.4,0,1,0,4,5,0.8,2,3,5,4,2,0,3,2,20,12.1
W,41:59:00,7,21,0.333,1,5,0.2,0,1,0,0,1,1,9,3,1,3,1,15,9.6
L,39:55:00,11,24,0.458,2,7,0.286,6,9,0.667,0,10,10,8,4,0,2,1,30,26.6
L,42:26:00,6,14,0.429,2,2,1,16,20,0.8,1,6,7,5,1,0,3,6,30,22.6
W,40:50:00,10,20,0.5,1,4,0.25,4,7,0.571,0,4,4,11,0,1,7,4,25,14.8
L,41:11:00,10,22,0.455,0,5,0,7,11,0.636,1,6,7,6,0,1,5,1,27,16
W,42:55:00,12,23,0.522,1,3,0.333,6,10,0.6,2,5,7,8,3,2,4,4,31,25.4
L,35:44:00,7,22,0.318,2,6,0.333,5,7,0.714,1,4,5,4,0,0,3,2,21,8.5
W,40:30:00,11,18,0.611,1,2,0.5,3,5,0.6,1,5,6,10,1,0,4,1,26,22.8
W,31:52:00,11,16,0.688,1,3,0.333,4,6,0.667,0,7,7,6,1,1,3,0,27,24.4
L,41:36:00,7,18,0.389,0,3,0,1,1,1,3,4,7,6,4,0,3,1,15,13.3
W,41:37:00,6,17,0.353,0,2,0,10,11,0.909,1,7,8,7,1,1,6,1,22,15.1
W,33:37:00,9,14,0.643,2,3,0.667,2,3,0.667,0,9,9,7,1,0,4,3,22,18.8
L,41:03:00,10,19,0.526,2,5,0.4,7,9,0.778,1,4,5,5,0,1,4,4,29,19.4
L,40:11:00,10,22,0.455,1,3,0.333,16,21,0.762,0,1,1,8,2,1,3,4,37,27.6
L,43:00:00,9,20,0.45,0,1,0,8,8,1,2,8,10,5,2,0,1,1,26,23.5
W,42:54:00,13,21,0.619,2,3,0.667,4,10,0.4,0,7,7,1,0,0,7,1,32,15.5
W,39:31:00,10,25,0.4,1,2,0.5,6,8,0.75,1,8,9,3,1,2,1,1,27,18.9
W,44:01:00,11,21,0.524,2,6,0.333,8,13,0.615,1,3,4,5,1,1,3,5,32,21.5
L,40:19:00,15,26,0.577,3,4,0.75,0,3,0,2,7,9,3,1,0,5,4,33,19.6
W,40:14:00,7,17,0.412,0,1,0,5,11,0.455,0,5,5,5,2,0,3,1,19,11.1
W,44:47:00,11,20,0.55,2,3,0.667,8,10,0.8,1,5,6,4,3,1,3,0,32,27.3
W,42:50:00,3,13,0.231,0,4,0,2,2,1,0,5,5,9,1,0,2,1,8,6.5
W,44:00:00,9,21,0.429,1,3,0.333,0,0,,0,13,13,4,3,3,5,4,19,13.1
W,43:25:00,14,26,0.538,3,7,0.429,3,3,1,1,3,4,7,2,1,3,3,34,26.4
L,38:49:00,15,28,0.536,3,9,0.333,1,2,0.5,2,4,6,6,1,0,5,2,34,22
W,42:02:00,10,23,0.435,0,1,0,8,8,1,1,5,6,6,1,0,2,4,28,19.7
L,43:34:00,8,21,0.381,1,7,0.143,13,15,0.867,1,6,7,8,2,1,4,0,30,24.5
L,35:07:00,8,21,0.381,1,4,0.25,6,13,0.462,3,3,6,2,1,0,4,0,23,10.1
L,43:52:00,9,23,0.391,0,1,0,12,14,0.857,2,8,10,10,2,0,3,2,30,25.7
W,45:52:00,14,22,0.636,2,7,0.286,2,5,0.4,0,7,7,5,4,0,9,2,32,20.8
L,43:23:00,6,15,0.4,0,3,0,6,13,0.462,0,4,4,5,3,0,2,2,18,12
L,53:10:00,14,26,0.538,3,8,0.375,8,13,0.615,2,8,10,5,1,0,4,2,39,27.9
L,42:04:00,12,22,0.545,3,6,0.5,3,6,0.5,2,7,9,5,2,0,3,2,30,23.4
L,35:35:00,6,18,0.333,2,7,0.286,3,8,0.375,1,5,6,9,1,0,2,4,17,10.7
W,35:39:00,7,13,0.538,0,1,0,4,8,0.5,1,9,10,3,2,0,1,1,18,16.2
L,43:17:00,9,22,0.409,1,4,0.25,2,3,0.667,0,5,5,6,2,0,3,2,21,12.7
W,36:19:00,4,13,0.308,1,2,0.5,2,2,1,0,7,7,3,1,1,2,1,11,7
W,41:08:00,12,22,0.545,1,4,0.25,4,8,0.5,1,6,7,6,0,0,2,1,29,21.1
W,38:21:00,5,16,0.313,0,2,0,8,12,0.667,1,7,8,5,1,1,1,3,18,13
L,42:39:00,9,25,0.36,0,3,0,5,9,0.556,3,7,10,4,1,3,0,2,23,16.8
W,39:48:00,10,16,0.625,0,1,0,18,22,0.818,0,4,4,3,3,0,3,4,38,30.9
W,36:49:00,12,25,0.48,0,1,0,5,5,1,0,4,4,2,1,1,3,3,29,16.4
L,42:58:00,13,28,0.464,1,4,0.25,2,8,0.25,3,4,7,2,3,0,3,1,29,16.5
L,41:30:00,10,22,0.455,2,5,0.4,7,12,0.583,0,3,3,7,0,1,2,2,29,19.3
W,42:50:00,14,22,0.636,3,4,0.75,4,7,0.571,1,4,5,8,2,1,4,1,35,29.8
L,39:58:00,17,27,0.63,1,4,0.25,4,8,0.5,0,3,3,5,0,0,2,2,39,26.9
W,37:22:00,10,20,0.5,1,3,0.333,15,17,0.882,2,3,5,6,0,3,2,1,36,31.4
W,41:38:00,12,24,0.5,3,6,0.5,5,9,0.556,1,11,12,8,0,0,3,2,32,24.2
W,50:40:00,17,31,0.548,1,3,0.333,6,8,0.75,2,5,7,8,3,1,4,4,41,31.9
W,36:30:00,12,22,0.545,4,6,0.667,4,4,1,0,8,8,9,3,1,6,5,32,25.8
W,38:42:00,10,22,0.455,2,6,0.333,4,5,0.8,3,4,7,6,3,1,2,2,26,22.6
W,29:35:00,11,17,0.647,4,7,0.571,3,6,0.5,1,5,6,4,3,0,2,0,29,26.3
W,43:40:00,8,21,0.381,0,6,0,8,13,0.615,2,15,17,9,2,2,4,3,24,20.9
L,46:33:00,12,31,0.387,2,9,0.222,11,12,0.917,2,4,6,6,1,3,3,4,37,25
L,45:27:00,12,28,0.429,1,6,0.167,6,7,0.857,0,6,6,4,2,3,6,3,31,17.3
W,38:16:00,8,16,0.5,0,1,0,5,6,0.833,1,2,3,10,2,0,1,1,21,21.5
L,40:49:00,8,19,0.421,1,6,0.167,1,1,1,0,3,3,8,1,0,5,4,18,8.8
W,40:08:00,8,18,0.444,0,3,0,10,14,0.714,1,6,7,6,2,0,3,4,26,19.1
L,43:55:00,6,20,0.3,2,5,0.4,10,14,0.714,1,5,6,7,2,0,3,3,24,15.7
W,47:24:00,14,25,0.56,0,3,0,11,13,0.846,1,4,5,9,3,0,7,4,39,28.9
W,41:49:00,13,24,0.542,0,2,0,5,5,1,2,10,12,6,4,1,2,1,31,30.3
L,48:36:00,11,21,0.524,2,5,0.4,11,13,0.846,2,7,9,5,0,0,4,4,35,25.3
W,44:25:00,7,23,0.304,0,3,0,11,14,0.786,0,6,6,5,1,1,2,3,25,14.3
L,43:06:00,5,16,0.313,1,4,0.25,9,11,0.818,1,4,5,6,1,0,5,2,20,11.3
W,35:15:00,15,27,0.556,0,1,0,5,9,0.556,3,5,8,4,2,1,2,1,35,27.2
W,31:57:00,8,16,0.5,3,6,0.5,4,5,0.8,1,4,5,6,1,1,0,1,23,22
W,36:03:00,7,15,0.467,0,2,0,4,7,0.571,1,4,5,6,0,0,1,3,18,13
W,39:58:00,9,18,0.5,1,4,0.25,5,10,0.5,0,5,5,9,2,0,2,2,24,20
L,36:09:00,2,11,0.182,0,2,0,6,10,0.6,1,4,5,4,1,0,5,4,10,0.6
W,44:25:00,13,28,0.464,3,5,0.6,16,22,0.727,3,4,7,7,3,1,3,1,45,36.7
L,43:13:00,11,26,0.423,3,5,0.6,2,2,1,1,4,5,8,2,4,3,0,27,22.5
W,41:51:00,9,16,0.563,1,2,0.5,5,7,0.714,1,12,13,9,0,3,2,1,24,25.9
L,40:45:00,12,27,0.444,1,4,0.25,7,15,0.467,2,13,15,13,3,2,4,4,32,27.9
W,43:51:00,10,19,0.526,0,2,0,6,8,0.75,0,4,4,4,1,1,1,1,26,20.2
W,35:55:00,9,21,0.429,0,2,0,4,8,0.5,1,4,5,8,6,1,5,3,22,17.3
L,33:47:00,9,16,0.563,1,3,0.333,8,14,0.571,0,1,1,4,2,0,4,3,27,16.9
L,47:14:00,15,27,0.556,2,4,0.5,7,9,0.778,4,9,13,14,0,2,4,1,39,37.6
W,40:16:00,13,27,0.481,1,3,0.333,13,15,0.867,2,8,10,9,0,3,5,3,40,31.5
L,44:06:00,11,22,0.5,1,7,0.143,11,12,0.917,0,7,7,7,1,1,3,4,34,26.7
W,39:03:00,17,26,0.654,6,10,0.6,5,8,0.625,2,6,8,5,3,2,3,2,45,39.7
W,44:41:00,14,29,0.483,2,8,0.25,7,8,0.875,3,9,12,12,3,1,4,3,37,33.6
W,35:47:00,10,21,0.476,1,6,0.167,9,15,0.6,3,8,11,10,4,1,2,1,30,30.7
W,45:46:00,11,25,0.44,2,8,0.25,14,15,0.933,0,4,4,13,2,2,3,2,38,34.4
L,19:31,5,11,0.455,0,2,0,5,9,0.556,0,1,1,3,0,0,0,1,15,9.7
W,22:37,5,9,0.556,0,1,0,7,10,0.7,1,2,3,5,1,1,4,2,17,13.2
L,41:09:00,12,25,0.48,3,9,0.333,2,3,0.667,0,6,6,8,2,0,6,3,29,18.1
L,41:46:00,10,18,0.556,0,1,0,1,1,1,0,6,6,6,0,1,3,1,21,15.7
W,50:13:00,10,25,0.4,0,5,0,11,13,0.846,1,7,8,5,1,0,2,3,31,20.8
L,36:52:00,12,21,0.571,3,6,0.5,5,6,0.833,1,7,8,6,6,0,4,1,32,30.3
W,38:28:00,12,29,0.414,0,3,0,9,11,0.818,4,6,10,5,1,1,3,3,33,22.3
L,40:51:00,8,20,0.4,0,2,0,9,13,0.692,2,3,5,8,1,1,3,2,25,18.4
W,38:36:00,9,19,0.474,0,3,0,7,11,0.636,0,6,6,12,1,1,2,3,25,22.4
W,36:19:00,9,21,0.429,1,4,0.25,5,10,0.5,4,4,8,7,3,0,3,5,24,17.8
L,42:21:00,8,21,0.381,1,4,0.25,4,6,0.667,2,3,5,6,1,0,4,1,21,11.8
W,40:05:00,13,22,0.591,1,3,0.333,9,11,0.818,1,4,5,6,2,1,2,1,36,31.4
W,45:21:00,7,18,0.389,1,6,0.167,9,12,0.75,1,7,8,10,5,1,3,1,24,25.1
W,45:44:00,14,29,0.483,4,8,0.5,7,12,0.583,3,8,11,8,0,0,1,1,39,31
W,35:10:00,8,18,0.444,0,3,0,6,6,1,2,6,8,3,2,0,4,2,22,15.1
L,43:23:00,13,22,0.591,0,4,0,5,9,0.556,3,7,10,6,3,1,3,3,31,27.1
W,49:36:00,10,20,0.5,2,7,0.286,9,15,0.6,5,14,19,8,4,3,8,3,31,28.8
W,47:10:00,18,28,0.643,6,12,0.5,9,16,0.563,3,5,8,9,3,1,4,1,51,45
W,38:54:00,9,24,0.375,1,5,0.2,8,12,0.667,3,6,9,7,0,2,3,1,27,19
W,39:40:00,11,26,0.423,1,4,0.25,5,5,1,1,2,3,5,4,1,5,4,28,17.1
W,31:08:00,7,13,0.538,1,3,0.333,8,9,0.889,2,6,8,8,2,1,0,2,23,27
L,39:26:00,14,30,0.467,0,1,0,8,10,0.8,2,5,7,5,2,0,1,3,36,26
W,44:08:00,16,32,0.5,1,5,0.2,8,12,0.667,3,6,9,4,2,0,5,4,41,25.5
W,43:53:00,13,29,0.448,3,6,0.5,8,12,0.667,2,12,14,4,2,2,4,3,37,26.3
W,43:48:00,8,19,0.421,1,4,0.25,11,16,0.688,0,11,11,7,2,1,3,2,28,23
W,42:24:00,11,21,0.524,4,8,0.5,7,10,0.7,1,8,9,12,5,2,7,5,33,30.4
L,41:13:00,12,23,0.522,2,5,0.4,6,11,0.545,1,6,7,6,2,2,3,0,32,25.8
W,44:00:00,11,24,0.458,0,3,0,4,4,1,4,7,11,7,2,1,1,2,26,24.3
L,32:36:00,11,23,0.478,2,5,0.4,6,6,1,1,4,5,3,2,0,5,1,30,18.9
W,43:51:00,8,15,0.533,1,2,0.5,12,15,0.8,1,6,7,10,3,1,5,3,29,27.5
L,42:44:00,17,31,0.548,1,5,0.2,4,7,0.571,2,4,6,9,0,1,3,4,39,27.9
L,42:08:00,7,18,0.389,4,7,0.571,8,11,0.727,2,11,13,11,2,0,5,2,26,23.6
W,43:14:00,11,22,0.5,1,5,0.2,8,12,0.667,2,12,14,12,2,1,4,1,31,30.1
W,44:32:00,11,20,0.55,2,6,0.333,9,14,0.643,3,12,15,8,1,1,3,1,33,31
W,39:02:00,10,17,0.588,1,4,0.25,4,5,0.8,1,6,7,11,3,1,6,2,25,23.8
L,37:50:00,16,24,0.667,1,3,0.333,2,5,0.4,0,4,4,6,0,1,2,3,35,26.3
L,39:00:00,7,24,0.292,1,6,0.167,11,15,0.733,4,4,8,4,0,0,3,2,26,13.4
W,43:35:00,11,22,0.5,1,4,0.25,7,9,0.778,2,6,8,13,2,0,3,2,30,28.7
W,39:51:00,15,29,0.517,0,5,0,7,8,0.875,3,3,6,6,1,0,3,1,37,27.1
W,43:50:00,16,30,0.533,7,13,0.538,11,16,0.688,1,7,8,10,4,0,2,3,50,44
L,37:55:00,13,27,0.481,2,8,0.25,11,12,0.917,0,3,3,1,1,3,4,1,39,25.2
W,38:13:00,11,24,0.458,5,8,0.625,11,12,0.917,4,7,11,4,1,2,2,2,38,32.5
W,43:41:00,7,18,0.389,1,4,0.25,9,13,0.692,1,9,10,11,1,2,4,0,24,22.1
L,45:41:00,12,23,0.522,2,7,0.286,16,23,0.696,3,8,11,7,1,2,6,5,42,31.7
L,43:23:00,9,22,0.409,1,7,0.143,6,8,0.75,2,5,7,7,0,0,7,4,25,11.6
W,41:40:00,11,24,0.458,1,3,0.333,10,16,0.625,2,5,7,10,1,2,1,2,33,28.7
L,42:14:00,11,22,0.5,1,4,0.25,7,11,0.636,2,7,9,6,0,1,3,1,30,22.4
W,41:04:00,11,19,0.579,2,5,0.4,6,7,0.857,3,4,7,6,1,1,0,0,30,29.9
W,41:24:00,14,22,0.636,1,3,0.333,0,0,,0,12,12,5,1,0,5,1,29,21.9
L,38:35:00,9,25,0.36,3,9,0.333,8,10,0.8,4,7,11,4,2,0,4,3,29,18.8
L,40:33:00,6,14,0.429,1,2,0.5,8,10,0.8,0,3,3,8,2,2,2,2,21,19.9
L,35:18:00,4,17,0.235,1,5,0.2,4,6,0.667,0,4,4,5,0,0,5,0,13,1.6
W,41:47:00,11,18,0.611,1,2,0.5,3,3,1,3,6,9,9,3,1,1,4,26,29.1
W,31:13:00,11,19,0.579,1,4,0.25,6,6,1,2,2,4,5,3,2,4,6,29,23.6
L,38:30:00,10,24,0.417,3,7,0.429,10,14,0.714,0,5,5,4,2,2,3,4,33,21.7
L,42:22:00,6,22,0.273,1,5,0.2,4,8,0.5,5,2,7,9,2,2,5,1,17,10.8
W,35:22:00,11,21,0.524,1,4,0.25,10,13,0.769,4,3,7,8,1,2,0,2,33,32.4
L,38:11:00,13,21,0.619,2,6,0.333,6,12,0.5,0,6,6,2,3,0,3,2,34,24.5
W,35:15:00,3,9,0.333,0,1,0,7,9,0.778,0,11,11,7,1,2,5,1,13,12.3
W,41:41:00,10,18,0.556,1,2,0.5,6,12,0.5,1,3,4,5,2,1,5,3,27,17.6
L,36:00:00,9,21,0.429,0,4,0,4,8,0.5,1,6,7,6,2,1,3,4,22,14.1
W,30:16:00,7,15,0.467,0,2,0,8,12,0.667,2,7,9,9,0,1,5,3,22,17
L,37:43:00,6,15,0.4,0,3,0,3,4,0.75,2,5,7,13,3,0,5,3,15,15.3
W,34:08:00,8,20,0.4,0,2,0,13,15,0.867,2,6,8,3,2,1,1,1,29,24
W,35:50:00,13,23,0.565,0,2,0,15,16,0.938,2,7,9,6,4,0,5,1,41,36
W,39:20:00,11,24,0.458,1,6,0.167,4,7,0.571,2,7,9,8,1,4,4,2,27,21.5
W,39:12:00,13,29,0.448,4,7,0.571,11,13,0.846,4,9,13,4,0,0,2,1,41,31
W,42:46:00,16,24,0.667,1,4,0.25,8,10,0.8,0,5,5,6,3,0,2,2,41,35.7
W,38:02:00,10,20,0.5,0,0,,2,4,0.5,1,7,8,11,3,0,5,4,22,18.1
W,42:03:00,13,21,0.619,3,7,0.429,9,11,0.818,3,2,5,7,2,2,2,2,38,35.9
W,35:58:00,9,20,0.45,1,4,0.25,12,17,0.706,0,8,8,4,0,1,3,3,31,20.3
L,39:30:00,8,21,0.381,0,4,0,9,10,0.9,1,5,6,6,4,0,3,1,25,20.1
W,36:35:00,8,19,0.421,1,4,0.25,7,7,1,1,6,7,8,2,0,2,3,24,20.8
W,30:20:00,7,14,0.5,3,7,0.429,9,11,0.818,0,4,4,1,1,1,1,0,26,20.8
W,17:08,7,12,0.583,0,1,0,0,0,,0,3,3,3,1,3,0,0,14,14.5
W,30:39:00,9,13,0.692,3,4,0.75,2,4,0.5,1,6,7,8,3,1,2,2,23,25.7
W,41:22:00,12,27,0.444,1,5,0.2,7,10,0.7,1,6,7,5,2,1,3,3,32,21.2
W,28:09:00,5,10,0.5,1,4,0.25,10,10,1,0,5,5,6,5,1,0,0,21,27.4
W,37:37:00,4,12,0.333,0,4,0,3,4,0.75,2,6,8,11,1,3,2,2,11,15
W,27:40:00,8,17,0.471,2,4,0.5,7,8,0.875,2,3,5,4,2,2,3,3,25,20.2
W,30:24:00,11,18,0.611,2,5,0.4,7,8,0.875,0,5,5,4,3,0,2,1,31,27.3
W,39:04:00,10,22,0.455,2,6,0.333,7,8,0.875,2,2,4,5,0,2,1,4,29,21.5
W,36:50:00,9,21,0.429,1,4,0.25,9,12,0.75,3,4,7,7,1,3,0,2,28,26.2
L,45:40:00,10,19,0.526,2,7,0.286,11,12,0.917,2,4,6,9,4,1,1,2,33,35.1
W,39:38:00,14,20,0.7,2,6,0.333,2,4,0.5,0,6,6,3,2,2,0,1,32,29.7
W,38:45:00,13,20,0.65,0,2,0,7,8,0.875,3,7,10,8,0,0,6,3,33,26.4
W,42:46:00,14,24,0.583,2,4,0.5,1,2,0.5,2,2,4,7,3,1,3,1,31,26.6
W,38:20:00,11,23,0.478,0,3,0,5,7,0.714,1,8,9,5,3,1,7,2,27,17
W,38:13:00,6,13,0.462,0,2,0,6,10,0.6,0,5,5,6,3,1,3,1,18,15.7
W,42:31:00,12,19,0.632,2,4,0.5,7,12,0.583,0,6,6,9,0,1,2,1,33,28.9
L,43:29:00,12,24,0.5,3,8,0.375,11,14,0.786,0,2,2,7,0,2,5,2,38,25.9
W,37:16:00,3,8,0.375,2,3,0.667,8,8,1,1,9,10,11,2,3,5,1,16,21.4
L,40:46:00,11,22,0.5,3,9,0.333,5,8,0.625,0,6,6,10,1,2,7,4,30,20.4
W,30:59:00,9,16,0.563,0,1,0,3,3,1,0,4,4,4,2,2,4,1,21,16.4
W,35:49:00,13,25,0.52,3,7,0.429,9,9,1,1,6,7,6,4,3,3,2,38,34.7
W,40:12:00,9,15,0.6,1,5,0.2,11,14,0.786,0,11,11,10,3,1,2,2,30,33.1
L,44:19:00,8,28,0.286,1,6,0.167,11,16,0.688,3,11,14,7,1,1,8,4,28,12
W,42:59:00,12,24,0.5,0,2,0,5,6,0.833,3,11,14,7,3,1,4,3,29,25.4
L,42:10:00,9,25,0.36,1,5,0.2,4,8,0.5,2,7,9,4,4,1,6,1,23,12.1
W,42:02:00,14,30,0.467,3,6,0.5,3,4,0.75,0,7,7,14,1,0,2,1,34,28.7
W,40:39:00,10,24,0.417,2,5,0.4,10,16,0.625,2,7,9,8,3,2,2,2,32,27.5
W,41:08:00,14,27,0.519,1,6,0.167,4,6,0.667,4,10,14,9,1,0,2,1,33,29.6
W,37:31:00,5,10,0.5,0,2,0,13,15,0.867,5,10,15,11,0,3,2,1,23,31.1
L,37:41:00,10,27,0.37,0,2,0,3,6,0.5,1,7,8,8,1,1,2,1,23,14.6
W,37:08:00,9,17,0.529,2,4,0.5,5,6,0.833,0,7,7,6,3,1,3,2,25,22.5
W,38:50:00,12,25,0.48,3,8,0.375,6,11,0.545,4,0,4,8,1,1,5,3,33,22.2
W,37:31:00,9,20,0.45,2,5,0.4,13,13,1,1,6,7,4,1,2,3,3,33,26.1
W,44:03:00,17,33,0.515,2,7,0.286,16,19,0.842,0,9,9,11,0,2,3,1,52,42.9
L,40:08:00,5,20,0.25,2,8,0.25,4,8,0.5,3,5,8,12,0,0,1,1,16,13
L,41:10:00,15,21,0.714,4,7,0.571,13,14,0.929,0,7,7,4,1,1,7,1,47,37.1
W,33:17:00,9,18,0.5,1,5,0.2,7,8,0.875,2,4,6,6,2,1,3,1,26,22.7
W,33:12:00,9,17,0.529,0,3,0,2,2,1,1,8,9,9,1,1,5,1,20,17.4
W,40:04:00,16,29,0.552,8,11,0.727,15,22,0.682,1,4,5,9,0,0,6,3,55,39.3
W,30:34:00,6,13,0.462,0,3,0,8,10,0.8,0,5,5,9,2,1,0,0,20,23
W,29:40:00,4,10,0.4,1,2,0.5,6,8,0.75,0,5,5,8,0,1,2,1,15,14.2
L,33:51:00,7,21,0.333,2,5,0.4,5,6,0.833,0,1,1,0,1,2,3,4,21,6.8
W,32:08:00,12,23,0.522,3,6,0.5,3,3,1,4,10,14,4,2,0,1,2,30,27.5
W,43:43:00,8,20,0.4,2,7,0.286,8,14,0.571,1,5,6,11,1,2,0,3,26,23.9
W,43:40:00,13,21,0.619,6,7,0.857,10,10,1,1,7,8,4,1,1,6,4,42,32.2
W,33:12:00,7,11,0.636,4,5,0.8,5,7,0.714,1,7,8,4,1,0,3,2,23,20.1
L,38:17:00,5,15,0.333,2,5,0.4,9,12,0.75,0,6,6,5,1,0,4,1,21,13.2
W,43:19:00,5,15,0.333,0,3,0,4,7,0.571,2,8,10,12,1,1,2,0,14,16.2
W,43:42:00,10,23,0.435,0,6,0,12,16,0.75,4,9,13,11,2,2,4,2,32,30.1
W,43:27:00,10,24,0.417,3,8,0.375,11,13,0.846,6,4,10,13,3,3,3,0,34,37
W,46:59:00,16,30,0.533,4,11,0.364,15,17,0.882,0,4,4,9,2,3,3,2,51,43.4
W,39:52:00,9,17,0.529,0,3,0,1,3,0.333,1,7,8,10,4,3,3,1,19,22.4
W,42:40:00,15,27,0.556,4,7,0.571,9,10,0.9,2,10,12,8,4,1,6,1,43,38
W,46:47:00,10,22,0.455,0,3,0,6,11,0.545,0,11,11,10,1,2,0,4,26,23.7
W,40:03:00,9,21,0.429,1,4,0.25,3,5,0.6,1,6,7,5,3,1,2,2,22,17
W,39:09:00,9,17,0.529,1,4,0.25,11,15,0.733,2,9,11,8,1,0,1,0,30,29.8
W,39:06:00,7,14,0.5,1,1,1,7,7,1,1,7,8,11,1,0,1,0,22,25.5
W,33:36:00,8,14,0.571,2,3,0.667,7,10,0.7,2,10,12,7,0,0,5,0,25,21.5
W,31:19:00,9,22,0.409,2,4,0.5,4,5,0.8,1,5,6,12,1,2,0,0,24,24.8
W,40:36:00,9,24,0.375,0,2,0,7,8,0.875,1,11,12,3,3,1,1,0,25,20.2
L,38:20:00,11,18,0.611,4,8,0.5,5,7,0.714,1,8,9,6,0,0,6,1,31,22.9
L,32:00:00,7,20,0.35,2,5,0.4,10,10,1,1,8,9,5,1,0,2,1,26,20
W,36:43:00,14,21,0.667,2,5,0.4,8,8,1,0,7,7,6,1,0,2,1,38,33.8
W,30:51:00,7,15,0.467,0,2,0,7,8,0.875,0,6,6,7,3,0,2,1,21,20.2
W,36:34:00,8,17,0.471,1,4,0.25,10,12,0.833,0,2,2,10,0,1,1,4,27,23.2
W,30:22:00,9,14,0.643,5,8,0.625,6,6,1,0,4,4,7,1,1,5,1,29,25.2
W,38:42:00,12,23,0.522,2,7,0.286,11,14,0.786,0,5,5,5,1,0,5,1,37,25.1
L,44:55:00,12,22,0.545,4,9,0.444,10,13,0.769,0,4,4,8,2,4,5,4,38,31.2
L,39:47:00,7,19,0.368,1,5,0.2,8,14,0.571,2,9,11,12,2,0,4,1,23,20.2
W,33:26:00,10,18,0.556,2,3,0.667,2,3,0.667,2,7,9,6,1,1,2,1,24,22
W,37:14:00,5,11,0.455,0,1,0,4,6,0.667,1,6,7,9,0,0,4,1,14,11.9
W,35:59:00,7,16,0.438,2,7,0.286,11,13,0.846,3,5,8,6,3,0,4,0,27,24.6
L,38:13:00,9,17,0.529,1,4,0.25,6,9,0.667,0,7,7,6,1,1,3,0,25,20.5
W,35:37:00,12,17,0.706,2,4,0.5,7,9,0.778,0,8,8,9,3,0,7,3,33,28.6
W,39:07:00,13,23,0.565,2,3,0.667,8,9,0.889,2,6,8,4,1,0,4,2,36,26.9
W,38:53:00,8,20,0.4,2,4,0.5,16,18,0.889,1,3,4,7,2,1,2,2,34,28.8
W,37:33:00,6,15,0.4,0,3,0,9,12,0.75,0,6,6,9,2,1,2,1,21,20.1
W,38:32:00,11,19,0.579,1,5,0.2,8,10,0.8,0,5,5,12,1,2,2,2,31,30.8
L,35:08:00,12,20,0.6,3,7,0.429,7,8,0.875,0,2,2,9,2,0,6,4,34,25.7
W,37:53:00,13,25,0.52,1,3,0.333,13,14,0.929,2,7,9,7,1,1,2,1,40,35
W,38:32:00,13,20,0.65,2,4,0.5,4,6,0.667,0,7,7,9,0,0,5,3,32,24.6
W,38:49:00,12,24,0.5,1,4,0.25,9,11,0.818,1,7,8,7,1,0,5,2,34,24.1
L,38:01:00,10,19,0.526,2,7,0.286,3,4,0.75,0,6,6,4,0,0,6,4,25,12.3
W,36:21:00,10,20,0.5,0,2,0,5,7,0.714,0,5,5,12,0,0,1,2,25,22.3
W,34:37:00,6,15,0.4,0,3,0,0,0,,1,7,8,10,1,1,3,0,12,12.4
W,34:12:00,8,17,0.471,1,3,0.333,6,10,0.6,0,6,6,11,0,0,1,1,23,20.8
W,32:18:00,4,10,0.4,0,0,,6,7,0.857,1,4,5,10,1,1,5,2,14,13
L,44:47:00,14,29,0.483,4,11,0.364,11,12,0.917,4,9,13,6,0,1,5,2,43,32.5
L,39:40:00,8,21,0.381,2,4,0.5,9,10,0.9,1,5,6,7,1,1,5,2,27,18.1
W,37:36:00,14,24,0.583,1,2,0.5,4,6,0.667,1,6,7,7,1,2,4,1,33,26.4
W,38:35:00,16,29,0.552,5,8,0.625,7,10,0.7,0,7,7,6,4,1,1,1,44,38.5
W,40:28:00,9,19,0.474,1,5,0.2,4,6,0.667,1,5,6,7,2,0,6,3,23,14.4
W,40:17:00,12,26,0.462,3,6,0.5,9,11,0.818,1,5,6,7,3,1,3,2,36,28.8
W,38:22:00,6,13,0.462,2,4,0.5,12,14,0.857,1,9,10,8,0,3,6,1,26,23.2
L,43:05:00,9,23,0.391,2,6,0.333,5,7,0.714,0,3,3,6,2,2,2,3,25,17
W,38:26:00,11,21,0.524,1,3,0.333,6,6,1,1,5,6,4,2,0,3,3,29,21.5
W,43:41:00,14,30,0.467,1,4,0.25,5,7,0.714,4,12,16,10,0,0,2,1,34,28.8
W,40:44:00,9,19,0.474,2,7,0.286,6,11,0.545,0,4,4,9,2,1,7,3,26,16.3
W,29:26:00,12,20,0.6,2,5,0.4,3,4,0.75,2,3,5,6,3,1,1,0,29,28.6
W,39:36:00,6,20,0.3,0,5,0,2,3,0.667,1,7,8,10,5,1,4,2,14,12.7
W,43:12:00,15,23,0.652,4,6,0.667,14,16,0.875,3,7,10,6,2,2,3,3,48,44.7
W,36:27:00,7,16,0.438,1,4,0.25,13,15,0.867,1,8,9,7,1,2,1,0,28,28.2
L,42:51:00,13,21,0.619,2,6,0.333,1,2,0.5,0,7,7,6,1,1,1,3,29,24.9
W,30:50:00,7,12,0.583,1,4,0.25,8,11,0.727,2,5,7,8,1,2,1,0,23,26.1
L,41:18:00,12,28,0.429,2,8,0.25,9,13,0.692,2,4,6,7,1,0,8,1,35,18.7
W,45:16:00,13,19,0.684,3,4,0.75,12,14,0.857,0,10,10,8,0,1,3,1,41,38
W,41:37:00,12,23,0.522,1,4,0.25,12,14,0.857,1,7,8,11,2,4,2,1,37,37.8
L,40:25:00,12,20,0.6,4,6,0.667,8,12,0.667,1,8,9,6,5,1,5,1,36,32.8
W,38:54:00,12,20,0.6,3,6,0.5,5,7,0.714,2,2,4,4,2,1,5,3,32,23.3
W,41:01:00,8,18,0.444,0,7,0,12,14,0.857,0,9,9,11,3,3,3,1,28,29.9
W,40:24:00,13,25,0.52,1,9,0.111,10,13,0.769,0,5,5,9,2,1,4,3,37,28.8
W,42:38:00,9,19,0.474,6,10,0.6,13,19,0.684,0,9,9,12,1,1,6,2,37,30.9
W,38:31:00,9,23,0.391,2,9,0.222,12,17,0.706,0,9,9,4,1,0,4,3,32,18.8
W,30:33:00,3,8,0.375,1,3,0.333,5,6,0.833,0,6,6,11,1,1,3,1,12,15
W,35:39:00,6,18,0.333,0,4,0,10,17,0.588,0,9,9,13,2,4,5,2,22,19.8
W,39:55:00,10,20,0.5,5,6,0.833,7,8,0.875,1,2,3,11,1,0,1,1,32,30.2
W,37:07:00,7,14,0.5,1,4,0.25,7,7,1,1,5,6,15,1,1,4,2,22,24.6
W,40:06:00,9,16,0.563,1,4,0.25,17,21,0.81,2,5,7,8,2,0,4,1,36,32.9
W,43:51:00,17,31,0.548,6,12,0.5,7,7,1,1,7,8,8,5,0,5,2,47,39.7
W,42:21:00,13,21,0.619,1,4,0.25,5,9,0.556,0,3,3,11,1,0,3,0,32,27.5
W,45:05:00,10,21,0.476,2,6,0.333,10,12,0.833,1,7,8,13,2,0,3,2,32,30.6
L,47:00:00,15,33,0.455,1,9,0.111,12,17,0.706,1,12,13,15,2,4,3,1,43,40.1
L,35:30:00,6,14,0.429,2,6,0.333,8,10,0.8,1,2,3,9,4,0,2,2,22,22.6
L,39:23:00,12,25,0.48,1,6,0.167,8,12,0.667,0,9,9,6,2,1,5,0,33,23.3
W,44:07:00,7,16,0.438,2,6,0.333,4,4,1,1,4,5,13,2,0,0,0,20,24.6
W,35:57:00,11,23,0.478,3,6,0.5,11,15,0.733,1,6,7,9,0,0,2,2,36,28.7
W,44:24:00,10,17,0.588,1,4,0.25,15,16,0.938,0,6,6,9,2,0,1,2,36,36
W,31:14:00,9,17,0.529,1,4,0.25,3,5,0.6,0,7,7,7,2,2,3,0,22,20.3
W,40:41:00,10,18,0.556,0,4,0,6,7,0.857,2,5,7,14,3,1,3,1,26,30
W,41:52:00,16,27,0.593,3,7,0.429,5,6,0.833,2,11,13,6,3,2,4,1,40,36
W,42:06:00,7,18,0.389,3,10,0.3,6,12,0.5,0,6,6,10,1,3,1,2,23,20.9
W,38:52:00,9,21,0.429,1,3,0.333,11,16,0.688,3,5,8,7,2,3,2,2,30,26.7
W,43:07:00,10,22,0.455,1,3,0.333,8,11,0.727,2,10,12,12,1,1,4,0,29,26.9
W,38:43:00,11,24,0.458,2,4,0.5,8,10,0.8,1,8,9,9,3,2,6,2,32,25.8
W,37:31:00,9,21,0.429,0,3,0,11,12,0.917,1,10,11,7,2,2,5,1,29,24.1
W,30:48:00,5,9,0.556,2,3,0.667,3,3,1,0,3,3,7,0,1,0,0,15,17.2
W,40:45:00,15,22,0.682,1,5,0.2,7,8,0.875,2,4,6,9,1,0,3,2,38,34.3
L,39:18:00,11,21,0.524,1,6,0.167,4,7,0.571,0,5,5,10,2,0,5,2,27,20.2
W,39:05:00,13,22,0.591,3,6,0.5,5,6,0.833,1,6,7,8,3,0,3,2,34,30.7
W,39:05:00,7,17,0.412,0,1,0,9,13,0.692,1,8,9,7,1,1,4,2,23,17.2
W,38:22:00,11,20,0.55,1,3,0.333,4,7,0.571,0,13,13,6,2,0,2,1,27,23.9
L,44:32:00,14,31,0.452,0,9,0,14,22,0.636,1,6,7,9,1,1,3,0,42,30.2
W,35:34:00,5,13,0.385,0,2,0,9,10,0.9,0,6,6,13,0,1,4,1,19,18.7
L,42:39:00,10,21,0.476,3,6,0.5,8,12,0.667,0,4,4,3,1,2,8,1,31,16
W,37:33:00,5,12,0.417,0,2,0,6,6,1,0,6,6,7,2,1,9,1,16,9.6
W,30:02:00,6,13,0.462,2,3,0.667,1,2,0.5,0,6,6,7,0,0,3,4,15,10
W,28:57:00,5,12,0.417,0,4,0,10,12,0.833,0,7,7,7,2,0,5,3,20,15.6
W,32:26:00,7,12,0.583,0,2,0,6,8,0.75,0,0,0,12,2,1,1,0,20,23.7
L,41:12:00,6,16,0.375,1,2,0.5,7,8,0.875,0,7,7,10,3,1,3,0,20,20.6
W,33:35:00,9,16,0.563,2,4,0.5,3,5,0.6,0,3,3,9,2,0,4,1,23,19.4
L,46:44:00,5,18,0.278,0,1,0,10,11,0.909,2,9,11,14,1,3,2,3,20,22.8
L,44:28:00,9,21,0.429,0,5,0,17,22,0.773,0,10,10,9,3,0,4,3,35,29
W,39:20:00,8,21,0.381,0,1,0,7,11,0.636,1,1,2,11,2,0,3,0,23,17.6
W,23:03,9,15,0.6,0,2,0,2,3,0.667,3,5,8,9,3,0,3,5,20,20.6
W,39:29:00,12,25,0.48,2,5,0.4,6,7,0.857,0,2,2,5,2,0,4,1,32,20.6
L,42:06:00,11,23,0.478,2,4,0.5,5,6,0.833,0,3,3,11,1,0,4,2,29,21.7
L,41:34:00,6,14,0.429,2,8,0.25,11,15,0.733,0,5,5,6,1,0,6,3,25,15.5
L,40:44:00,9,18,0.5,1,3,0.333,6,8,0.75,1,5,6,4,1,0,3,3,25,17
W,40:34:00,5,15,0.333,1,5,0.2,9,11,0.818,1,7,8,6,2,1,2,1,20,18
L,36:04:00,5,19,0.263,0,4,0,13,15,0.867,2,6,8,4,1,0,5,3,23,11.7
W,38:11:00,10,18,0.556,1,1,1,9,11,0.818,1,5,6,5,1,1,7,3,30,19.8
W,31:14:00,8,15,0.533,1,1,1,1,2,0.5,2,4,6,3,1,0,4,0,18,12
W,30:02:00,15,25,0.6,2,7,0.286,6,9,0.667,0,5,5,8,1,1,0,1,38,33.7
W,37:19:00,5,11,0.455,1,1,1,11,13,0.846,0,7,7,4,1,1,2,1,22,19.7
W,38:41:00,7,16,0.438,1,3,0.333,2,4,0.5,0,6,6,6,1,1,1,5,17,12.5
W,39:26:00,12,20,0.6,3,5,0.6,6,7,0.857,1,6,7,9,0,0,2,4,33,28.6
W,30:43:00,10,18,0.556,3,4,0.75,2,3,0.667,0,7,7,9,1,1,4,1,25,21.7
W,35:11:00,10,19,0.526,2,3,0.667,3,5,0.6,1,9,10,3,2,0,3,1,25,19
W,40:18:00,6,16,0.375,0,3,0,8,10,0.8,1,3,4,7,0,0,5,2,20,11.1
W,38:31:00,5,15,0.333,0,4,0,11,18,0.611,2,11,13,5,1,0,4,1,21,14.5
W,38:13:00,14,23,0.609,3,6,0.5,1,3,0.333,1,10,11,10,1,0,5,1,32,27
W,40:31:00,9,19,0.474,3,7,0.429,11,12,0.917,1,6,7,6,1,0,4,3,32,24.4
L,36:05:00,6,17,0.353,2,4,0.5,5,7,0.714,3,7,10,7,0,0,5,4,19,11.2
W,37:23:00,13,22,0.591,2,5,0.4,8,8,1,1,5,6,4,3,0,5,5,36,26.8
W,38:11:00,8,14,0.571,5,6,0.833,6,6,1,1,10,11,10,4,0,1,2,27,33.3
W,40:25:00,8,17,0.471,1,2,0.5,1,3,0.333,0,10,10,8,0,0,3,3,18,12.9
W,39:09:00,8,15,0.533,0,4,0,4,4,1,0,6,6,9,1,0,3,3,20,17.6
W,41:31:00,7,15,0.467,0,3,0,11,17,0.647,2,5,7,10,1,1,3,1,25,23.1
W,36:34:00,15,26,0.577,2,4,0.5,6,6,1,0,9,9,5,1,0,3,3,38,28.8
W,36:35:00,8,15,0.533,0,0,,9,11,0.818,1,5,6,9,0,2,2,2,25,24
W,45:16:00,8,23,0.348,1,4,0.25,9,11,0.818,1,9,10,5,6,1,5,2,26,20.1
W,46:11:00,17,26,0.654,3,5,0.6,7,10,0.7,3,10,13,6,2,0,6,4,44,35.1
L,39:44:00,11,24,0.458,3,6,0.5,2,5,0.4,2,6,8,6,0,0,3,1,27,17.4
L,44:17:00,11,30,0.367,2,10,0.2,10,11,0.909,2,8,10,7,2,0,6,3,34,20.5
W,38:00:00,14,29,0.483,1,3,0.333,9,14,0.643,1,10,11,6,2,1,1,2,38,30.1
L,42:32:00,7,24,0.292,0,2,0,10,12,0.833,2,9,11,5,2,2,4,3,24,15
W,44:19:00,15,25,0.6,2,4,0.5,7,10,0.7,0,8,8,9,1,2,3,1,39,34
W,40:13:00,7,14,0.5,2,5,0.4,7,11,0.636,0,4,4,13,4,3,4,3,23,25.6
W,31:22:00,7,14,0.5,0,0,,10,11,0.909,1,3,4,8,0,2,2,1,24,22.8
W,42:39:00,17,25,0.68,3,5,0.6,14,17,0.824,2,9,11,8,1,1,3,2,51,46.7
W,36:39:00,7,13,0.538,0,3,0,5,6,0.833,1,7,8,9,0,0,3,3,19,17.2
W,35:37:00,6,15,0.4,0,2,0,0,2,0,1,5,6,4,4,0,6,2,12,5.3
W,41:44:00,15,23,0.652,2,5,0.4,9,13,0.692,3,10,13,8,3,1,4,1,41,39.3
W,34:43:00,7,17,0.412,0,2,0,2,3,0.667,0,8,8,10,4,0,3,0,16,16.9
L,43:28:00,10,21,0.476,0,2,0,2,3,0.667,1,6,7,7,1,0,4,2,22,14.5
W,40:55:00,11,20,0.55,1,3,0.333,4,6,0.667,1,5,6,5,2,2,5,1,27,20.3
W,37:38:00,8,18,0.444,0,2,0,7,10,0.7,3,10,13,8,0,0,5,1,23,17.7
W,30:24:00,14,26,0.538,3,6,0.5,0,3,0,2,6,8,3,0,0,3,4,31,17.9
L,41:26:00,12,21,0.571,0,4,0,5,6,0.833,0,10,10,5,2,1,2,1,29,25.5
W,42:46:00,5,11,0.455,0,1,0,15,19,0.789,1,8,9,7,1,3,1,2,25,27
L,39:08:00,10,20,0.5,1,5,0.2,6,8,0.75,0,7,7,5,3,1,5,2,27,19.7
L,39:56:00,11,16,0.688,0,2,0,7,7,1,2,4,6,4,0,2,2,2,29,26.2
L,36:08:00,11,19,0.579,1,3,0.333,3,7,0.429,3,5,8,7,1,0,4,2,26,20.2
L,41:50:00,10,18,0.556,1,2,0.5,5,6,0.833,3,5,8,6,2,0,2,2,26,24
L,45:32:00,14,20,0.7,2,4,0.5,1,4,0.25,1,10,11,8,1,0,4,3,31,26.5
W,42:16:00,7,17,0.412,0,3,0,5,7,0.714,1,7,8,9,1,0,1,1,19,17.8
W,31:55:00,10,16,0.625,2,4,0.5,5,6,0.833,1,4,5,5,1,2,3,1,27,23.8
W,41:31:00,8,19,0.421,0,1,0,5,5,1,0,6,6,8,0,2,2,3,21,16.5
L,39:30:00,8,21,0.381,0,3,0,3,3,1,0,8,8,3,1,1,1,0,19,12.7
W,30:54:00,16,21,0.762,5,7,0.714,6,7,0.857,0,2,2,3,0,0,4,2,43,32.2
W,40:40:00,15,25,0.6,1,4,0.25,2,2,1,0,6,6,2,2,0,5,3,33,20.5
W,42:05:00,8,16,0.5,0,3,0,3,4,0.75,3,5,8,7,0,0,3,3,19,14.9
W,41:01:00,11,17,0.647,1,4,0.25,9,9,1,2,8,10,2,3,1,4,3,32,28.2
W,40:27:00,13,21,0.619,0,1,0,7,9,0.778,1,9,10,7,0,0,2,1,33,28.6
L,43:17:00,10,21,0.476,1,5,0.2,6,10,0.6,0,10,10,12,0,0,3,3,27,21.9
W,43:49:00,12,16,0.75,1,3,0.333,10,13,0.769,1,7,8,8,5,0,5,3,35,34.6
W,42:53:00,11,20,0.55,0,1,0,5,7,0.714,2,4,6,10,3,1,3,2,27,26.1
W,38:55:00,13,18,0.722,0,2,0,5,8,0.625,2,9,11,7,3,0,7,2,31,26.6
L,39:25:00,10,22,0.455,3,7,0.429,6,8,0.75,1,1,2,8,2,2,4,2,29,22
W,37:23:00,9,16,0.563,0,1,0,5,6,0.833,1,6,7,9,2,1,1,2,23,24.7
W,37:11:00,11,19,0.579,0,2,0,5,9,0.556,0,5,5,7,4,1,4,1,27,23.2
W,42:39:00,10,21,0.476,2,4,0.5,12,14,0.857,1,9,10,7,3,0,7,1,34,26.4
W,36:16:00,11,19,0.579,0,0,,15,19,0.789,3,7,10,6,2,2,3,3,37,34.1
W,36:00:00,9,14,0.643,0,0,,8,9,0.889,1,5,6,5,2,1,3,3,26,23.6
W,38:49:00,13,23,0.565,0,0,,9,9,1,0,6,6,7,3,2,2,0,35,33.2
W,37:13:00,16,26,0.615,0,1,0,2,4,0.5,1,7,8,10,4,1,4,2,34,31.1
W,28:02:00,6,10,0.6,0,0,,4,6,0.667,0,9,9,5,1,0,2,2,16,15
L,38:33:00,11,18,0.611,0,0,,6,9,0.667,2,5,7,6,0,0,4,1,28,21.3
W,37:41:00,12,21,0.571,0,0,,9,11,0.818,2,6,8,13,2,0,2,2,33,33.8
W,37:23:00,11,17,0.647,0,1,0,10,12,0.833,0,7,7,9,2,1,8,2,32,26
L,42:33:00,10,19,0.526,0,2,0,6,8,0.75,1,10,11,7,2,0,5,1,26,21.1
L,41:53:00,7,19,0.368,0,1,0,9,17,0.529,2,11,13,7,2,0,6,5,23,12.9
L,37:11:00,13,20,0.65,3,5,0.6,6,11,0.545,1,4,5,6,2,1,4,0,35,29
W,34:53:00,12,21,0.571,4,6,0.667,5,9,0.556,1,4,5,10,0,0,4,0,33,26.4
W,37:13:00,12,27,0.444,2,3,0.667,5,7,0.714,3,5,8,8,4,3,3,4,31,26.8
W,35:47:00,12,17,0.706,0,0,,4,4,1,0,9,9,5,4,3,4,1,28,28.8
L,37:22:00,8,18,0.444,0,1,0,12,13,0.923,4,9,13,5,1,0,3,2,28,24.4
W,37:48:00,8,21,0.381,1,4,0.25,1,4,0.25,1,4,5,5,2,0,5,1,18,7.3
W,41:39:00,9,20,0.45,1,3,0.333,13,14,0.929,1,5,6,7,2,0,4,3,32,25.1
W,40:17:00,11,18,0.611,0,2,0,9,10,0.9,1,7,8,7,0,0,4,2,31,25.3
W,40:58:00,12,23,0.522,1,1,1,10,15,0.667,1,10,11,5,0,1,6,2,35,22.8
W,29:44:00,8,12,0.667,1,2,0.5,5,7,0.714,4,7,11,8,1,0,4,1,22,23.1
L,40:17:00,14,24,0.583,4,7,0.571,8,10,0.8,0,8,8,5,2,0,7,1,40,28.5
W,37:13:00,8,16,0.5,0,1,0,3,6,0.5,1,11,12,8,0,2,2,2,19,18
W,38:29:00,10,17,0.588,0,1,0,10,12,0.833,0,9,9,2,1,0,5,1,30,21
W,38:40:00,9,16,0.563,0,1,0,6,7,0.857,1,4,5,6,2,0,6,1,24,17.7
L,39:15:00,5,15,0.333,0,2,0,7,10,0.7,0,6,6,10,3,0,3,0,17,16.1
W,33:17:00,6,14,0.429,0,2,0,6,7,0.857,0,2,2,9,0,2,1,1,18,17.1
W,30:26:00,6,15,0.4,1,3,0.333,10,12,0.833,3,10,13,6,1,0,2,1,23,22
W,32:54:00,16,21,0.762,0,0,,3,3,1,3,5,8,3,1,0,2,3,35,30.2
W,33:24:00,7,15,0.467,2,5,0.4,7,8,0.875,2,7,9,7,4,0,2,2,23,24.5
W,30:08:00,11,19,0.579,3,5,0.6,3,3,1,2,3,5,5,1,1,2,2,28,23.8
W,36:38:00,9,14,0.643,1,2,0.5,6,7,0.857,1,10,11,8,2,0,2,2,25,26.9
W,33:13:00,7,11,0.636,2,2,1,2,2,1,0,4,4,8,0,2,3,1,18,17.9
W,40:41:00,7,16,0.438,0,0,,6,6,1,1,8,9,8,5,2,4,3,20,21.5
W,41:02:00,13,22,0.591,2,2,1,10,12,0.833,2,9,11,6,5,1,0,1,38,40.6
L,44:24:00,16,24,0.667,1,4,0.25,2,3,0.667,1,9,10,6,0,3,0,2,35,33.1
L,43:02:00,12,26,0.462,0,4,0,1,3,0.333,7,6,13,7,3,2,3,1,25,23.4
W,29:36:00,9,11,0.818,1,1,1,2,2,1,1,8,9,6,0,0,5,0,21,19.2
W,41:40:00,12,20,0.6,0,3,0,7,10,0.7,4,7,11,2,1,2,2,1,31,26.9
W,47:06:00,8,19,0.421,2,3,0.667,9,15,0.6,1,7,8,4,4,1,4,1,27,20.4
L,42:25:00,7,20,0.35,2,4,0.5,3,3,1,3,8,11,8,1,1,6,0,19,13.6
L,39:38:00,14,25,0.56,2,3,0.667,5,5,1,1,4,5,4,4,0,2,2,35,29
W,38:15:00,12,20,0.6,0,2,0,5,8,0.625,2,5,7,8,2,2,1,0,29,29.5
W,38:58:00,4,14,0.286,0,1,0,6,8,0.75,0,12,12,7,5,0,4,4,14,12.9
W,37:54:00,8,18,0.444,0,3,0,4,6,0.667,1,7,8,6,2,2,3,2,20,16.4
W,37:26:00,6,15,0.4,0,3,0,5,5,1,0,6,6,10,4,1,5,0,17,17.4
L,39:36:00,8,18,0.444,0,3,0,1,1,1,0,3,3,7,2,0,4,2,17,10.6
L,40:49:00,9,21,0.429,2,4,0.5,4,6,0.667,2,7,9,2,1,0,6,1,24,11.6
W,36:13:00,8,16,0.5,0,2,0,3,3,1,3,6,9,5,2,0,3,3,19,16.2
W,38:31:00,11,18,0.611,0,2,0,4,6,0.667,1,3,4,9,1,0,3,0,26,22.9
L,34:37:00,11,20,0.55,0,0,,1,2,0.5,2,2,4,0,0,1,2,1,23,13.3
W,38:04:00,15,25,0.6,1,2,0.5,10,13,0.769,3,3,6,4,3,1,4,0,41,33.8
W,41:30:00,10,20,0.5,3,7,0.429,11,13,0.846,1,6,7,10,4,1,2,2,34,34.6
L,37:38:00,8,19,0.421,2,6,0.333,3,4,0.75,2,4,6,6,2,0,3,0,21,16.3
W,32:15:00,12,22,0.545,1,3,0.333,1,5,0.2,3,1,4,2,0,1,1,1,26,16.9
L,40:51:00,11,23,0.478,1,3,0.333,13,14,0.929,5,2,7,7,1,1,2,3,36,31.4
L,47:18:00,11,24,0.458,3,6,0.5,5,7,0.714,1,5,6,5,1,1,4,1,30,19.8
W,28:44:00,7,16,0.438,0,1,0,5,7,0.714,1,8,9,5,2,1,2,1,19,16.7
W,40:15:00,11,24,0.458,1,6,0.167,6,9,0.667,2,8,10,3,2,0,6,4,29,15.7
W,35:12:00,11,19,0.579,1,2,0.5,14,15,0.933,1,5,6,7,2,1,4,2,37,32.7
W,30:12:00,12,15,0.8,1,1,1,3,4,0.75,0,5,5,4,2,0,5,0,28,23.2
W,35:20:00,8,18,0.444,1,2,0.5,10,12,0.833,0,11,11,6,0,1,1,3,27,22.8
W,35:52:00,11,21,0.524,1,3,0.333,9,10,0.9,1,7,8,5,1,2,5,1,32,24.6
W,28:52:00,10,16,0.625,2,4,0.5,4,5,0.8,1,9,10,3,2,0,0,2,26,25.1
L,36:41:00,8,16,0.5,2,3,0.667,5,6,0.833,0,7,7,5,0,3,5,2,23,16.5
W,39:12:00,8,17,0.471,0,1,0,4,4,1,1,8,9,11,0,2,0,2,20,22.7
W,30:11:00,10,17,0.588,2,3,0.667,1,3,0.333,3,8,11,1,0,0,3,2,23,15.7
W,29:59:00,7,12,0.583,2,3,0.667,4,4,1,4,8,12,8,1,0,2,1,20,23.8
W,35:40:00,10,17,0.588,0,2,0,1,3,0.333,2,9,11,9,1,0,2,2,21,20.9
L,35:43:00,10,19,0.526,0,1,0,0,4,0,3,7,10,6,2,1,2,2,20,17.4
W,39:55:00,14,26,0.538,5,8,0.625,5,8,0.625,1,9,10,6,0,0,0,1,38,31.4
L,41:13:00,12,23,0.522,0,3,0,6,9,0.667,0,5,5,7,1,2,4,3,30,21.1
W,41:57:00,11,23,0.478,0,1,0,5,6,0.833,1,6,7,12,1,3,4,0,27,24.9
W,40:43:00,8,20,0.4,1,3,0.333,4,7,0.571,0,7,7,3,2,0,1,1,21,13.8
W,42:32:00,11,21,0.524,2,4,0.5,4,8,0.5,2,8,10,8,1,1,1,3,28,25
W,39:58:00,10,16,0.625,2,5,0.4,8,9,0.889,1,5,6,5,0,1,7,3,30,20.6
W,39:06:00,9,16,0.563,2,5,0.4,3,6,0.5,3,6,9,7,4,0,4,2,23,22.2
W,36:57:00,8,15,0.533,1,2,0.5,4,6,0.667,1,8,9,6,1,0,2,3,21,18
L,42:53:00,12,24,0.5,1,4,0.25,1,3,0.333,2,11,13,11,3,2,3,1,26,26.6
L,38:35:00,11,20,0.55,3,5,0.6,6,9,0.667,2,8,10,9,3,0,2,0,31,31.3
W,35:55:00,11,16,0.688,0,0,,2,3,0.667,1,4,5,7,2,0,4,2,24,20.8
W,40:21:00,10,16,0.625,1,2,0.5,6,7,0.857,1,6,7,6,2,0,3,0,27,25.1
L,42:21:00,12,23,0.522,2,4,0.5,5,5,1,1,2,3,5,1,0,4,0,31,21.5
W,30:33:00,8,15,0.533,0,3,0,7,11,0.636,0,10,10,5,1,0,2,0,23,19.6
W,41:59:00,8,18,0.444,2,5,0.4,4,5,0.8,0,6,6,11,1,4,0,0,22,25.5
W,30:55:00,9,13,0.692,3,5,0.6,3,4,0.75,0,9,9,5,1,1,5,0,24,21
W,37:30:00,11,20,0.55,1,1,1,7,10,0.7,1,8,9,7,0,0,4,0,30,23.2
W,41:52:00,12,20,0.6,0,3,0,5,5,1,3,5,8,9,2,1,3,3,29,28.2
W,38:35:00,9,19,0.474,2,4,0.5,7,8,0.875,2,10,12,8,4,2,3,1,27,28.9
L,44:19:00,15,22,0.682,2,4,0.5,3,4,0.75,1,5,6,5,6,1,3,1,35,34.2
L,36:29:00,11,20,0.55,1,2,0.5,3,5,0.6,1,5,6,7,2,1,6,2,26,18.6
W,47:53:00,10,22,0.455,1,6,0.167,15,16,0.938,1,7,8,11,1,0,3,2,36,31.9
W,42:01:00,11,20,0.55,1,3,0.333,9,11,0.818,1,11,12,9,3,1,4,0,32,31.6
L,41:05:00,8,14,0.571,1,5,0.2,13,16,0.813,0,6,6,2,1,0,2,2,30,23.6
W,34:57:00,9,17,0.529,2,3,0.667,4,4,1,1,1,2,7,0,1,1,0,24,21.3
L,42:36:00,10,20,0.5,1,1,1,1,4,0.25,3,7,10,4,1,2,7,2,22,12.4
L,42:39:00,6,16,0.375,1,5,0.2,2,5,0.4,0,10,10,9,2,1,4,3,15,11.8
W,29:08:00,7,10,0.7,0,1,0,6,7,0.857,1,4,5,7,5,2,1,0,20,27.6
L,43:41:00,13,19,0.684,2,4,0.5,4,4,1,1,3,4,6,3,2,3,5,32,29.1
W,30:32:00,11,20,0.55,1,5,0.2,2,3,0.667,1,6,7,10,1,0,1,2,25,23.7
W,42:04:00,17,25,0.68,1,2,0.5,4,4,1,0,7,7,8,3,1,2,2,39,36.9
W,44:50:00,12,23,0.522,1,5,0.2,6,7,0.857,1,9,10,11,0,0,3,1,31,27
W,33:01:00,9,14,0.643,0,1,0,5,6,0.833,1,6,7,7,1,0,2,0,23,22.8
L,51:56:00,14,31,0.452,3,6,0.5,3,5,0.6,4,12,16,7,3,1,3,3,34,27.9
W,34:17:00,10,18,0.556,3,4,0.75,1,4,0.25,2,7,9,7,2,0,4,2,24,19.8
L,41:58:00,9,17,0.529,1,3,0.333,9,11,0.818,1,5,6,3,1,1,3,4,28,20.3
W,39:44:00,10,16,0.625,1,2,0.5,9,11,0.818,0,8,8,7,2,0,3,1,30,27.9
W,38:00:00,13,14,0.929,0,0,,5,6,0.833,0,8,8,8,2,0,5,1,31,30.6
W,36:37:00,11,18,0.611,3,6,0.5,7,10,0.7,1,5,6,5,0,2,4,2,32,24.9
W,30:59:00,9,11,0.818,4,5,0.8,8,11,0.727,1,4,5,6,0,2,5,3,30,26
W,36:15:00,12,18,0.667,1,2,0.5,7,8,0.875,1,6,7,4,3,0,4,4,32,26.5
W,38:45:00,11,15,0.733,1,3,0.333,7,8,0.875,0,6,6,9,3,2,1,0,30,35
W,40:02:00,14,24,0.583,4,8,0.5,7,9,0.778,3,9,12,7,2,0,4,3,39,33.5
W,39:31:00,8,15,0.533,1,4,0.25,7,8,0.875,0,6,6,11,4,0,2,1,24,27.4
W,34:29:00,11,15,0.733,1,4,0.25,3,3,1,1,11,12,7,2,0,4,2,26,26
W,31:30:00,7,12,0.583,1,4,0.25,1,2,0.5,1,9,10,11,2,0,2,1,16,20.7
W,38:51:00,10,19,0.526,0,1,0,8,11,0.727,2,1,3,8,1,0,2,0,28,23.8
W,47:45:00,14,23,0.609,1,2,0.5,11,12,0.917,3,5,8,16,2,1,2,1,40,44.2
W,42:06:00,4,14,0.286,2,4,0.5,8,12,0.667,1,7,8,10,2,1,1,1,18,19.3
W,42:50:00,12,23,0.522,2,6,0.333,3,6,0.5,3,8,11,7,3,1,2,1,29,27.2
W,34:53:00,9,16,0.563,1,4,0.25,1,1,1,1,9,10,4,3,2,7,3,20,14.8
W,38:13:00,7,14,0.5,1,6,0.167,11,12,0.917,0,3,3,2,0,1,2,0,26,19.6
W,34:14:00,10,17,0.588,2,3,0.667,3,5,0.6,3,7,10,5,1,2,3,2,25,22.6
W,36:21:00,5,10,0.5,0,0,,3,5,0.6,1,5,6,7,1,1,4,1,13,11.6
W,30:07:00,3,11,0.273,0,2,0,9,12,0.75,3,4,7,7,2,0,4,1,15,13.1
W,37:14:00,8,19,0.421,1,4,0.25,10,12,0.833,2,5,7,8,2,1,4,1,27,22.9
W,38:14:00,12,24,0.5,0,2,0,4,5,0.8,1,9,10,7,0,1,2,1,28,22.2
W,33:50:00,6,12,0.5,2,6,0.333,8,11,0.727,1,11,12,8,2,0,3,1,22,23
W,42:15:00,16,29,0.552,1,4,0.25,4,6,0.667,1,6,7,12,2,2,5,3,37,30.4
W,42:19:00,8,22,0.364,3,7,0.429,6,8,0.75,7,5,12,10,3,2,4,1,25,25.4
W,39:53:00,12,15,0.8,1,1,1,4,6,0.667,1,7,8,8,2,1,3,1,29,30.2
W,34:10:00,11,14,0.786,0,1,0,10,11,0.909,0,8,8,10,3,3,4,0,32,36.7
W,38:45:00,9,16,0.563,0,0,,6,10,0.6,1,8,9,11,1,0,3,2,24,22.8
L,39:56:00,11,17,0.647,2,5,0.4,8,11,0.727,0,7,7,3,2,4,4,1,32,27.9
W,32:13:00,13,20,0.65,7,10,0.7,3,5,0.6,0,4,4,6,2,0,3,0,36,30.8
W,29:42:00,12,17,0.706,1,2,0.5,2,2,1,0,4,4,5,1,0,1,1,27,24.2
W,30:04:00,11,16,0.688,0,1,0,6,6,1,1,6,7,7,2,1,3,0,28,28.3
W,28:51:00,8,10,0.8,0,0,,4,4,1,1,5,6,9,0,0,1,1,20,23.3
W,34:51:00,7,12,0.583,1,1,1,9,12,0.75,0,7,7,6,1,0,3,2,24,20.7
W,38:01:00,5,11,0.455,0,1,0,7,9,0.778,0,6,6,8,1,0,2,0,17,16.9
L,36:38:00,9,17,0.529,4,7,0.571,3,4,0.75,0,4,4,13,0,0,4,3,25,21.4
L,42:14:00,11,19,0.579,1,2,0.5,3,5,0.6,1,6,7,6,2,1,5,2,26,19.9
W,34:41:00,9,14,0.643,3,5,0.6,4,5,0.8,0,3,3,5,1,0,6,2,25,17
W,36:01:00,13,20,0.65,1,3,0.333,8,8,1,2,6,8,8,0,1,1,2,35,33.9
W,37:09:00,6,13,0.462,1,3,0.333,5,9,0.556,0,5,5,6,1,0,4,4,18,10.8
L,36:32:00,9,13,0.692,0,0,,7,9,0.778,1,7,8,10,0,0,5,1,25,23.1
W,29:58:00,13,21,0.619,4,7,0.571,3,6,0.5,0,3,3,2,0,0,3,0,33,21.6
W,36:58:00,14,18,0.778,1,1,1,10,11,0.909,0,6,6,4,1,0,6,0,39,31.2
W,31:55:00,13,18,0.722,0,0,,4,4,1,1,3,4,7,1,1,3,1,30,27.4
W,30:42:00,6,13,0.462,0,0,,1,3,0.333,2,4,6,5,1,0,3,0,13,9.6
W,29:05:00,5,11,0.455,0,2,0,11,11,1,1,5,6,7,1,1,4,0,21,20.1
W,37:35:00,7,13,0.538,3,6,0.5,5,7,0.714,0,9,9,7,3,0,3,0,22,22.5
W,33:21:00,11,14,0.786,2,4,0.5,11,11,1,0,5,5,4,1,1,4,0,35,31.6
W,37:06:00,9,19,0.474,1,3,0.333,9,11,0.818,0,8,8,8,3,0,1,3,28,26.3
W,36:27:00,10,17,0.588,3,5,0.6,4,6,0.667,1,5,6,3,1,1,3,2,27,20.5
W,38:16:00,8,13,0.615,1,3,0.333,9,10,0.9,0,5,5,4,1,1,3,0,26,22.7
L,36:58:00,8,15,0.533,2,5,0.4,5,8,0.625,3,2,5,6,2,1,6,2,23,17.3
L,33:18:00,7,17,0.412,1,4,0.25,6,8,0.75,0,5,5,2,3,0,1,2,21,15.2
W,30:34:00,9,12,0.75,0,0,,3,5,0.6,4,10,14,8,2,0,7,3,21,20.6
W,35:01:00,10,15,0.667,0,2,0,4,5,0.8,1,6,7,9,2,0,6,2,24,21.1
L,38:32:00,6,16,0.375,1,4,0.25,4,6,0.667,1,13,14,6,2,0,5,3,17,12
W,40:37:00,9,12,0.75,0,2,0,7,10,0.7,2,7,9,9,4,0,2,2,25,30
W,33:49:00,13,17,0.765,0,1,0,4,5,0.8,1,8,9,9,1,0,3,1,30,29.9
W,36:14:00,8,14,0.571,1,3,0.333,7,7,1,0,9,9,7,3,0,3,3,24,23.8
W,30:40:00,8,11,0.727,1,2,0.5,1,2,0.5,2,4,6,8,1,1,1,1,18,21.6
W,45:38:00,16,28,0.571,4,9,0.444,2,6,0.333,4,4,8,6,2,0,0,2,38,32.6
W,35:48:00,7,14,0.5,0,4,0,5,9,0.556,0,8,8,4,0,0,2,2,19,12.8
L,43:43:00,12,23,0.522,4,9,0.444,5,6,0.833,0,8,8,8,0,0,2,3,33,26.1
W,39:44:00,8,15,0.533,5,9,0.556,5,8,0.625,1,5,6,10,0,1,4,0,26,23.4
L,39:34:00,10,16,0.625,1,4,0.25,5,8,0.625,0,5,5,5,0,1,8,0,26,15.3
W,35:55:00,5,13,0.385,0,1,0,5,8,0.625,1,7,8,8,1,0,3,1,15,12.7
W,37:47:00,12,18,0.667,0,0,,6,7,0.857,1,3,4,5,1,0,1,1,30,26.5
W,35:15:00,13,22,0.591,3,6,0.5,3,3,1,1,2,3,5,2,0,3,1,32,25.2
L,41:25:00,12,17,0.706,1,4,0.25,7,11,0.636,0,5,5,6,1,1,6,2,32,23.9
L,49:22:00,12,21,0.571,2,5,0.4,10,12,0.833,3,4,7,5,0,0,4,6,36,25.7
L,41:04:00,8,18,0.444,0,4,0,9,10,0.9,2,6,8,7,2,0,4,1,25,20.9
W,36:31:00,7,13,0.538,0,1,0,7,8,0.875,1,7,8,10,2,1,3,3,21,22.6
W,44:52:00,13,25,0.52,0,3,0,8,10,0.8,2,6,8,6,1,0,2,4,34,25.7
L,38:43:00,11,21,0.524,3,7,0.429,5,8,0.625,1,3,4,6,1,0,3,1,30,21.9
W,38:48:00,10,19,0.526,0,4,0,9,11,0.818,1,7,8,4,2,0,3,1,29,23.1
W,37:18:00,9,15,0.6,2,4,0.5,7,13,0.538,2,11,13,6,1,0,5,1,27,22.2
W,27:43:00,8,15,0.533,1,3,0.333,1,1,1,0,7,7,6,1,0,4,4,18,12.4
L,42:10:00,12,20,0.6,1,5,0.2,9,9,1,1,2,3,3,0,0,3,1,34,24.8
W,39:06:00,13,22,0.591,1,3,0.333,3,6,0.5,1,7,8,7,6,0,2,3,30,29.1
W,38:19:00,9,19,0.474,0,3,0,6,8,0.75,1,7,8,11,2,2,1,1,24,26
W,40:47:00,11,20,0.55,3,7,0.429,6,8,0.75,1,7,8,12,3,1,7,2,31,27.7
L,39:21:00,4,13,0.308,1,6,0.167,4,6,0.667,0,7,7,5,0,0,5,2,13,4.5
W,40:59:00,12,22,0.545,2,5,0.4,11,14,0.786,1,8,9,3,5,0,4,2,37,30.6
W,42:16:00,14,26,0.538,4,8,0.5,4,7,0.571,1,12,13,9,2,0,2,1,36,32.4
W,38:28:00,16,23,0.696,4,8,0.5,6,8,0.75,2,7,9,6,2,0,3,2,42,37.4
W,33:24:00,15,22,0.682,1,5,0.2,2,5,0.4,1,6,7,3,4,0,8,1,33,22.6
W,36:38:00,13,19,0.684,1,2,0.5,4,6,0.667,0,4,4,4,0,0,1,0,31,25.1
W,31:13:00,8,12,0.667,0,2,0,4,5,0.8,1,8,9,7,4,0,2,1,20,24
W,41:12:00,22,33,0.667,8,10,0.8,9,12,0.75,3,4,7,4,0,0,2,2,61,48.8
L,36:38:00,9,18,0.5,0,3,0,4,6,0.667,1,0,1,6,3,0,1,1,22,18.7
L,38:04:00,6,18,0.333,0,3,0,7,9,0.778,3,5,8,7,2,0,5,5,19,11.5
L,45:19:00,8,23,0.348,1,3,0.333,0,0,,1,8,9,8,3,1,4,1,17,12.1
W,36:45:00,10,15,0.667,3,4,0.75,0,0,,2,5,7,8,3,0,3,3,23,23.8
L,38:03:00,6,13,0.462,1,4,0.25,6,9,0.667,0,5,5,7,3,0,5,1,19,15.1
L,39:50:00,8,17,0.471,0,4,0,5,7,0.714,0,6,6,6,1,0,4,3,21,13.3
W,42:52:00,8,17,0.471,1,3,0.333,7,8,0.875,0,5,5,6,2,0,5,3,24,16.4
W,41:40:00,14,19,0.737,6,8,0.75,9,13,0.692,0,6,6,4,2,3,0,1,43,42
W,38:01:00,7,14,0.5,0,2,0,1,2,0.5,1,5,6,7,2,1,3,0,15,14.4
L,41:59:00,10,18,0.556,2,4,0.5,3,3,1,1,7,8,9,0,1,3,1,25,22.8
W,38:22:00,13,23,0.565,0,1,0,6,9,0.667,4,2,6,5,4,0,5,2,32,25
L,43:24:00,11,19,0.579,2,6,0.333,14,15,0.933,0,8,8,5,0,0,6,3,38,27.4
W,29:46:00,7,13,0.538,1,3,0.333,2,2,1,2,8,10,12,1,0,1,0,17,22.9
W,30:03:00,5,10,0.5,1,3,0.333,2,4,0.5,2,5,7,2,0,0,4,1,13,7.1
W,38:53:00,11,20,0.55,1,6,0.167,9,11,0.818,0,7,7,8,1,0,6,2,32,23.5
W,29:21:00,7,12,0.583,1,3,0.333,2,5,0.4,0,4,4,8,1,1,2,0,17,16.7
L,47:57:00,12,24,0.5,2,4,0.5,8,10,0.8,2,6,8,5,4,1,4,5,34,26.6
W,42:47:00,13,22,0.591,3,7,0.429,9,12,0.75,0,5,5,6,1,0,5,0,38,28.3
L,37:08:00,9,16,0.563,0,3,0,11,14,0.786,1,9,10,6,2,0,3,0,29,26.8
L,41:22:00,14,23,0.609,3,5,0.6,6,7,0.857,1,5,6,5,2,0,5,1,37,28.4
W,34:52:00,11,20,0.55,2,4,0.5,12,13,0.923,1,5,6,1,1,1,2,1,36,28.2
L,37:21:00,10,22,0.455,3,7,0.429,4,8,0.5,3,5,8,5,0,1,3,2,27,18
L,43:14:00,5,15,0.333,1,5,0.2,6,7,0.857,0,5,5,4,0,0,8,3,17,3.2
W,41:40:00,14,30,0.467,1,3,0.333,7,9,0.778,1,7,8,5,4,1,3,1,36,27.4
L,34:56:00,4,12,0.333,2,4,0.5,1,1,1,1,6,7,7,1,0,3,2,11,8.8
L,42:02:00,8,18,0.444,3,5,0.6,12,12,1,0,3,3,4,3,0,4,2,31,23.5
W,39:38:00,8,18,0.444,1,5,0.2,5,6,0.833,0,7,7,11,1,1,3,1,22,20.3
W,40:26:00,9,17,0.529,1,3,0.333,13,17,0.765,2,9,11,9,1,1,4,1,32,29.8
W,40:51:00,16,27,0.593,3,8,0.375,6,9,0.667,0,4,4,7,0,1,3,4,41,29.5
W,28:54:00,13,20,0.65,4,5,0.8,2,4,0.5,2,4,6,7,0,1,3,1,32,27.2
L,40:34:00,8,18,0.444,1,4,0.25,5,7,0.714,0,9,9,5,0,2,4,2,22,14.6
L,34:06:00,6,17,0.353,2,3,0.667,1,1,1,3,3,6,9,1,1,5,3,15,10.3
L,39:02:00,8,21,0.381,2,7,0.286,4,7,0.571,3,1,4,4,1,1,3,0,22,13.2
L,37:17:00,6,12,0.5,1,4,0.25,2,3,0.667,0,1,1,10,1,1,5,2,15,11.8
W,31:00:00,9,17,0.529,2,4,0.5,9,11,0.818,1,3,4,11,3,0,1,0,29,31.2
W,36:05:00,7,14,0.5,1,5,0.2,14,17,0.824,1,9,10,8,3,0,4,3,29,27.6
W,31:44:00,9,18,0.5,0,1,0,1,2,0.5,0,2,2,7,1,0,3,1,19,12.7
W,41:05:00,6,15,0.4,0,4,0,14,21,0.667,1,4,5,10,0,0,7,1,26,16.6
W,39:31:00,7,17,0.412,1,6,0.167,4,7,0.571,1,4,5,12,2,0,4,2,19,16.2
W,42:27:00,9,18,0.5,2,4,0.5,4,6,0.667,0,7,7,13,3,1,4,2,24,24.3
W,33:54:00,8,17,0.471,1,3,0.333,1,2,0.5,0,4,4,7,3,0,3,2,18,14.2
W,41:53:00,12,21,0.571,2,5,0.4,9,9,1,1,1,2,4,2,2,2,1,35,29.9
L,37:37:00,17,24,0.708,2,2,1,5,8,0.625,0,5,5,5,0,1,2,1,41,33.1
W,40:18:00,11,19,0.579,2,3,0.667,3,4,0.75,0,7,7,14,1,3,5,2,27,26.9
L,29:02:00,8,16,0.5,0,2,0,5,7,0.714,0,3,3,2,2,0,2,0,21,14.5
W,39:56:00,7,18,0.389,2,4,0.5,6,8,0.75,1,3,4,9,2,0,4,4,22,15.7
W,37:33:00,9,15,0.6,3,5,0.6,4,6,0.667,0,1,1,11,0,1,5,1,25,20.6
W,34:38:00,8,16,0.5,4,7,0.571,4,5,0.8,0,4,4,3,1,3,2,3,24,18.8
L,40:02:00,9,16,0.563,2,8,0.25,10,18,0.556,0,4,4,8,0,0,4,1,30,21.6
W,36:56:00,10,20,0.5,0,5,0,9,11,0.818,0,5,5,8,2,2,4,1,29,24.3
L,31:51:00,5,19,0.263,2,6,0.333,5,5,1,1,9,10,7,1,0,7,3,17,6.8
L,36:41:00,11,18,0.611,3,8,0.375,8,13,0.615,1,6,7,5,1,0,5,3,33,23.6
W,38:02:00,12,23,0.522,4,9,0.444,8,13,0.615,1,3,4,5,2,0,1,2,36,28
W,42:29:00,11,23,0.478,3,8,0.375,7,12,0.583,0,11,11,7,3,0,9,4,32,18.9
W,36:16:00,12,23,0.522,0,3,0,2,3,0.667,1,4,5,4,0,0,6,4,26,11.4
W,35:45:00,8,16,0.5,0,2,0,10,14,0.714,2,5,7,9,4,0,7,0,26,22.6
W,26:37:00,9,15,0.6,2,4,0.5,5,6,0.833,1,5,6,9,4,1,2,1,25,28.5
W,38:35:00,11,25,0.44,2,6,0.333,10,13,0.769,0,7,7,5,1,2,2,1,34,25.3
W,35:56:00,11,24,0.458,0,4,0,10,11,0.909,0,6,6,7,1,0,4,3,32,21.7
W,33:04:00,7,16,0.438,1,4,0.25,4,6,0.667,0,3,3,7,4,2,6,1,19,14.6
W,39:45:00,14,25,0.56,3,8,0.375,5,8,0.625,3,3,6,5,0,1,2,1,36,27.7
W,35:51:00,6,17,0.353,1,4,0.25,5,6,0.833,0,3,3,11,2,0,6,2,18,11.9
W,27:47:00,8,14,0.571,1,2,0.5,6,7,0.857,0,3,3,9,1,0,2,0,23,22.2
L,38:34:00,10,21,0.476,0,4,0,5,8,0.625,0,6,6,5,2,1,7,3,25,12.9
W,30:11:00,8,16,0.5,2,7,0.286,4,5,0.8,2,8,10,8,1,0,6,2,22,17.2
W,31:27:00,6,16,0.375,0,4,0,6,7,0.857,0,9,9,7,1,0,5,2,18,11.6
L,34:14:00,12,26,0.462,2,9,0.222,5,6,0.833,0,5,5,4,0,0,8,3,31,12.3
W,25:07:00,12,21,0.571,3,5,0.6,1,3,0.333,0,5,5,6,1,0,2,3,28,20.8
W,27:55:00,7,17,0.412,1,6,0.167,3,5,0.6,0,7,7,7,2,0,4,2,18,12.3
W,39:03:00,6,14,0.429,1,5,0.2,6,10,0.6,0,7,7,11,3,1,9,3,19,13.3
W,36:12:00,15,25,0.6,4,9,0.444,8,11,0.727,1,10,11,5,3,1,6,5,42,32.2
L,42:06:00,15,35,0.429,4,12,0.333,3,11,0.273,2,6,8,4,3,3,4,4,37,20.8
W,25:35:00,12,23,0.522,0,1,0,3,3,1,1,2,3,5,3,1,1,0,27,23.2
W,37:27:00,9,16,0.563,3,6,0.5,8,13,0.615,1,5,6,14,0,0,3,2,29,27.6
L,40:09:00,5,13,0.385,1,4,0.25,7,8,0.875,1,5,6,8,2,1,9,3,18,10.8
W,36:26:00,6,16,0.375,2,5,0.4,3,6,0.5,0,6,6,8,1,0,4,3,17,10.2
W,28:58:00,10,14,0.714,4,6,0.667,3,5,0.6,0,7,7,8,1,1,2,3,27,26.6
W,43:43:00,10,20,0.5,3,6,0.5,8,10,0.8,0,5,5,7,2,1,3,2,31,25.5
W,34:44:00,9,14,0.643,0,3,0,3,4,0.75,1,7,8,13,3,1,1,3,21,27.8
L,35:16:00,8,19,0.421,4,8,0.5,6,8,0.75,1,1,2,4,0,0,4,2,26,14.1
W,34:35:00,5,13,0.385,2,4,0.5,4,6,0.667,1,2,3,7,1,0,2,1,16,12.9
W,39:18:00,13,26,0.5,2,6,0.333,1,2,0.5,0,7,7,5,0,0,3,0,29,18.2
W,39:28:00,10,17,0.588,1,4,0.25,7,7,1,2,8,10,6,5,1,5,1,28,28.4
W,31:27:00,7,15,0.467,3,5,0.6,3,4,0.75,0,8,8,5,0,0,1,2,20,16
L,38:28:00,8,15,0.533,2,5,0.4,6,8,0.75,0,5,5,9,5,1,3,4,24,24.8
W,37:53:00,8,24,0.333,1,4,0.25,3,6,0.5,2,9,11,6,0,1,5,0,20,9.2
W,35:27:00,9,16,0.563,1,2,0.5,4,5,0.8,1,7,8,7,1,3,3,3,23,21.6
W,36:31:00,8,17,0.471,1,3,0.333,3,6,0.5,2,8,10,12,3,1,3,4,20,21.4
W,39:51:00,8,15,0.533,2,5,0.4,3,4,0.75,2,7,9,8,1,1,2,2,21,21.3
L,26:05:00,5,14,0.357,0,5,0,4,9,0.444,0,3,3,7,1,0,3,1,14,7.6
W,32:14:00,7,17,0.412,3,4,0.75,4,6,0.667,3,7,10,11,2,1,1,0,21,24.7
L,36:04:00,12,22,0.545,1,5,0.2,0,3,0,0,10,10,5,1,0,1,3,25,18.5
W,30:48:00,4,13,0.308,0,3,0,4,8,0.5,1,6,7,5,3,0,3,1,12,8.5
W,33:56:00,13,19,0.684,0,2,0,3,5,0.6,2,3,5,4,1,0,4,3,29,21
W,33:20:00,9,19,0.474,0,3,0,4,4,1,0,9,9,11,4,2,3,3,22,23.9
W,35:04:00,9,23,0.391,1,5,0.2,4,7,0.571,2,3,5,3,4,1,3,1,23,15
W,36:20:00,12,22,0.545,3,5,0.6,4,6,0.667,0,4,4,13,2,0,2,1,31,29.5
W,35:01:00,10,23,0.435,0,3,0,9,14,0.643,0,6,6,4,0,0,2,0,29,17.5
W,37:51:00,11,19,0.579,1,3,0.333,8,12,0.667,3,4,7,8,2,0,5,2,31,25.6
W,39:23:00,12,21,0.571,0,2,0,7,10,0.7,0,3,3,6,2,1,3,4,31,23.1
L,45:03:00,13,27,0.481,5,11,0.455,6,12,0.5,4,8,12,5,1,3,7,3,37,24.5
L,39:48:00,11,21,0.524,4,7,0.571,4,5,0.8,0,6,6,3,0,0,4,3,30,18
W,34:59:00,9,13,0.692,1,1,1,8,9,0.889,3,6,9,6,0,0,4,3,27,24
W,33:20:00,8,15,0.533,1,2,0.5,2,2,1,2,9,11,8,0,2,3,1,19,19.4
W,34:58:00,7,14,0.5,0,2,0,1,5,0.2,0,6,6,13,1,0,2,0,15,16.3
L,39:46:00,6,16,0.375,1,5,0.2,11,12,0.917,2,4,6,8,0,0,2,1,24,20.6
W,38:13:00,8,20,0.4,2,5,0.4,7,9,0.778,2,11,13,5,0,0,3,2,25,17.8
W,35:43:00,10,22,0.455,1,6,0.167,5,6,0.833,2,7,9,5,1,0,2,0,26,20.2
L,37:23:00,8,20,0.4,0,3,0,8,8,1,4,9,13,4,1,1,9,3,24,13
L,44:47:00,13,29,0.448,1,5,0.2,10,11,0.909,2,5,7,8,1,1,5,4,37,25.1
W,40:20:00,14,24,0.583,1,3,0.333,4,4,1,1,9,10,3,2,3,2,3,33,28.2
W,29:25:00,10,15,0.667,0,1,0,5,8,0.625,0,3,3,8,4,0,4,0,25,23.8
W,35:42:00,10,20,0.5,0,3,0,4,4,1,1,6,7,3,2,1,6,3,24,14.1
W,39:37:00,12,27,0.444,2,5,0.4,7,8,0.875,2,7,9,11,2,0,7,2,33,23.9
W,25:19:00,10,17,0.588,0,3,0,3,4,0.75,0,5,5,4,3,1,2,0,23,20.7
W,37:43:00,9,22,0.409,0,3,0,6,7,0.857,1,8,9,5,0,0,1,2,24,16.6
L,38:33:00,10,26,0.385,1,5,0.2,4,9,0.444,2,7,9,2,1,2,4,0,25,12.1
L,26:27:00,4,13,0.308,0,3,0,4,5,0.8,0,4,4,5,0,0,3,2,12,5
W,35:23:00,4,10,0.4,1,5,0.2,5,9,0.556,0,4,4,7,2,1,2,3,14,12.6
W,34:23:00,13,24,0.542,1,3,0.333,7,8,0.875,3,3,6,2,2,1,5,2,34,23.3
W,29:13:00,11,18,0.611,4,7,0.571,3,4,0.75,0,5,5,3,2,0,0,2,29,25.2
W,30:41:00,7,11,0.636,1,2,0.5,5,8,0.625,0,2,2,7,3,0,2,1,20,20
W,39:42:00,12,22,0.545,4,9,0.444,6,8,0.75,0,10,10,4,1,1,2,3,34,26.9
W,32:14:00,5,12,0.417,0,4,0,3,4,0.75,0,12,12,8,1,2,3,1,13,14.4
W,37:00:00,15,22,0.682,3,5,0.6,4,6,0.667,0,7,7,9,2,0,2,1,37,34.8
W,41:43:00,9,17,0.529,3,6,0.5,6,8,0.75,3,7,10,7,2,0,4,2,27,24.2
L,37:20:00,9,17,0.529,1,3,0.333,3,4,0.75,2,5,7,5,0,0,4,4,22,14.1
W,36:23:00,7,14,0.5,1,2,0.5,4,6,0.667,2,5,7,7,0,2,4,1,19,16
L,32:53:00,7,16,0.438,0,3,0,2,2,1,1,4,5,5,1,1,3,1,16,11.3
W,29:03:00,7,12,0.583,1,1,1,2,4,0.5,0,1,1,5,1,1,4,1,17,11.7
W,35:11:00,9,17,0.529,1,4,0.25,3,5,0.6,1,4,5,12,0,0,0,4,22,21.6
L,39:44:00,11,27,0.407,0,5,0,4,7,0.571,3,10,13,9,2,1,1,3,26,22.2
W,38:01:00,11,15,0.733,1,1,1,2,3,0.667,0,4,4,9,1,1,5,2,25,21.9
W,31:01:00,7,8,0.875,0,1,0,7,7,1,0,3,3,9,0,0,2,2,21,22.6
W,35:48:00,7,16,0.438,0,2,0,6,7,0.857,1,8,9,8,1,0,1,3,20,18.7
W,34:09:00,10,17,0.588,0,2,0,9,11,0.818,1,4,5,7,2,2,2,2,29,27.7
W,43:35:00,9,22,0.409,0,5,0,6,10,0.6,2,10,12,6,2,1,1,2,24,20.1
L,39:08:00,10,21,0.476,0,3,0,3,5,0.6,0,6,6,6,1,2,1,1,23,18.5
L,38:05:00,9,23,0.391,0,5,0,12,17,0.706,3,4,7,4,2,1,6,2,30,17.5
W,36:42:00,11,20,0.55,2,5,0.4,3,3,1,0,3,3,8,1,0,2,2,27,22.1
W,30:54:00,8,16,0.5,1,2,0.5,4,5,0.8,1,9,10,10,2,1,4,1,21,21.3
W,36:40:00,12,22,0.545,3,6,0.5,2,5,0.4,1,6,7,11,1,0,1,1,29,27
W,34:37:00,11,19,0.579,0,2,0,3,3,1,2,7,9,9,0,1,2,3,25,23.4
W,37:30:00,11,22,0.5,2,5,0.4,1,1,1,3,4,7,11,3,0,5,3,25,21.8
L,37:30:00,5,18,0.278,0,4,0,2,2,1,1,7,8,5,3,0,6,2,12,3.9
W,30:19:00,8,13,0.615,2,4,0.5,5,8,0.625,1,6,7,7,2,0,2,1,23,22.9
L,40:29:00,9,18,0.5,2,4,0.5,5,9,0.556,1,7,8,7,1,0,6,2,25,16.3
W,36:49:00,14,22,0.636,2,4,0.5,3,5,0.6,0,5,5,4,2,0,5,2,33,22.9
W,30:23:00,7,18,0.389,1,4,0.25,4,4,1,1,12,13,8,3,0,1,1,19,20.7
W,36:00:00,11,20,0.55,1,4,0.25,5,9,0.556,4,7,11,8,2,1,4,2,28,25.2
L,37:38:00,11,19,0.579,2,4,0.5,4,5,0.8,2,7,9,5,1,0,4,2,28,21.9
W,36:33:00,8,19,0.421,1,5,0.2,8,9,0.889,4,7,11,6,0,0,5,1,25,18.2
W,34:50:00,9,18,0.5,1,4,0.25,5,8,0.625,2,3,5,7,0,2,3,2,24,18.6
W,30:43:00,9,15,0.6,3,4,0.75,6,7,0.857,1,5,6,5,1,0,2,2,27,23.6
L,36:53:00,10,20,0.5,2,6,0.333,1,2,0.5,6,6,12,3,1,0,3,0,23,18.7
W,35:44:00,6,15,0.4,0,3,0,6,6,1,1,6,7,8,1,1,4,3,18,14.5
L,26:38:00,13,20,0.65,0,3,0,0,0,,0,3,3,3,1,0,3,1,26,17.8
W,33:26:00,12,19,0.632,1,2,0.5,8,11,0.727,3,8,11,11,0,0,3,2,33,31.7
W,36:55:00,9,22,0.409,1,4,0.25,7,10,0.7,5,1,6,8,2,1,2,0,26,23.1
L,35:04:00,13,16,0.813,1,2,0.5,3,4,0.75,1,5,6,5,1,0,4,2,30,25.5
W,35:46:00,10,21,0.476,2,3,0.667,5,6,0.833,3,8,11,11,1,2,2,4,27,26.9
W,30:40:00,8,11,0.727,0,0,,8,10,0.8,0,4,4,11,2,1,6,0,24,24.3
W,44:25:00,12,26,0.462,1,5,0.2,4,5,0.8,3,13,16,9,3,1,3,4,29,26.6
W,40:50:00,14,22,0.636,0,0,,3,3,1,3,5,8,12,2,0,5,4,31,28.6
W,28:04:00,7,9,0.778,1,2,0.5,2,2,1,0,5,5,9,0,1,4,0,17,18
L,38:33:00,13,17,0.765,4,5,0.8,3,4,0.75,3,4,7,3,0,1,4,1,33,27.6
W,32:25:00,13,16,0.813,3,4,0.75,5,5,1,1,5,6,6,2,1,4,2,34,32.3
W,32:23:00,9,14,0.643,0,3,0,1,2,0.5,3,8,11,14,0,1,4,3,19,22.2
W,38:40:00,7,16,0.438,2,6,0.333,5,7,0.714,2,6,8,7,0,0,5,2,21,14.1
W,39:00:00,7,16,0.438,2,6,0.333,7,11,0.636,1,5,6,9,1,1,2,2,23,20.4
W,35:51:00,6,12,0.5,1,3,0.333,6,10,0.6,3,10,13,8,0,0,4,4,19,16.5
W,36:22:00,12,22,0.545,1,4,0.25,5,5,1,1,6,7,12,1,0,2,2,30,28.5
W,35:52:00,9,23,0.391,1,5,0.2,6,7,0.857,1,7,8,14,2,1,5,1,25,22
L,36:52:00,8,17,0.471,2,5,0.4,5,5,1,2,7,9,5,3,0,1,3,23,22.1
W,38:06:00,9,18,0.5,3,4,0.75,6,9,0.667,0,10,10,5,2,2,6,1,27,20.3
W,38:42:00,8,21,0.381,2,5,0.4,1,2,0.5,0,8,8,8,1,1,3,0,19,13.8
W,38:04:00,10,15,0.667,2,5,0.4,6,10,0.6,0,9,9,15,1,0,5,2,28,28.3
W,28:03:00,9,14,0.643,1,3,0.333,2,3,0.667,0,3,3,3,0,1,2,1,21,15.7
W,37:30:00,11,21,0.524,2,3,0.667,7,8,0.875,1,9,10,13,3,0,3,0,31,32.8
W,29:03:00,6,13,0.462,2,5,0.4,5,5,1,0,5,5,11,1,0,4,1,19,18.1
W,41:30:00,9,19,0.474,1,4,0.25,7,9,0.778,2,8,10,13,1,0,5,0,26,24.4
L,32:53:00,8,16,0.5,3,8,0.375,3,7,0.429,0,4,4,4,0,0,7,3,22,8.2
L,33:37:00,5,14,0.357,0,2,0,6,11,0.545,1,4,5,5,2,0,5,2,16,7.8
L,44:40:00,13,22,0.591,1,3,0.333,0,0,,0,5,5,13,0,0,8,2,27,18.6
W,42:01:00,12,26,0.462,2,7,0.286,8,9,0.889,3,5,8,7,2,0,1,2,34,28.9
W,32:27:00,7,10,0.7,1,2,0.5,10,14,0.714,2,4,6,7,1,2,4,2,25,24.3
W,37:19:00,12,22,0.545,1,3,0.333,2,4,0.5,2,6,8,8,3,0,3,2,27,23.6
W,42:27:00,17,24,0.708,5,10,0.5,5,9,0.556,1,8,9,10,3,1,5,3,44,40
W,36:29:00,9,17,0.529,0,4,0,5,8,0.625,1,5,6,8,3,0,6,1,23,17.9
W,38:55:00,9,18,0.5,2,5,0.4,6,11,0.545,1,6,7,9,2,2,2,1,26,24.8
W,47:29:00,12,25,0.48,5,9,0.556,5,6,0.833,3,9,12,7,1,1,2,2,34,29.5
W,34:25:00,12,24,0.5,4,7,0.571,1,1,1,1,8,9,6,0,0,2,0,29,22.3
W,27:16:00,7,16,0.438,0,3,0,5,6,0.833,1,3,4,6,3,0,1,0,19,18
W,40:11:00,12,22,0.545,4,8,0.5,3,7,0.429,5,8,13,4,2,1,5,2,31,24.4
W,43:44:00,9,18,0.5,2,6,0.333,3,7,0.429,2,6,8,11,1,3,8,2,23,17.6
W,35:47:00,12,25,0.48,4,8,0.5,4,6,0.667,2,4,6,9,1,0,1,1,32,27
W,38:55:00,9,21,0.429,0,4,0,8,10,0.8,2,5,7,6,2,1,4,1,26,19.5
L,36:53:00,12,21,0.571,1,2,0.5,6,9,0.667,2,6,8,7,1,0,5,2,31,23.2
W,35:17:00,14,20,0.7,0,1,0,8,10,0.8,0,9,9,6,3,0,5,2,36,30.9
W,39:31:00,11,17,0.647,2,4,0.5,4,6,0.667,3,5,8,4,1,0,7,3,28,18.9
L,36:55:00,10,20,0.5,3,6,0.5,6,7,0.857,1,5,6,5,4,0,4,0,29,24.3
L,30:31:00,5,12,0.417,2,5,0.4,8,9,0.889,1,10,11,4,1,1,5,1,20,16
W,41:41:00,6,12,0.5,1,4,0.25,3,3,1,0,2,2,15,1,1,5,2,16,17
L,35:00:00,6,18,0.333,1,4,0.25,7,10,0.7,2,6,8,2,1,0,6,1,20,7.8
W,39:08:00,8,12,0.667,0,2,0,5,8,0.625,0,9,9,15,1,2,4,2,21,25.4
L,45:20:00,11,16,0.688,2,5,0.4,5,7,0.714,0,6,6,7,2,0,7,5,29,21.1
L,43:43:00,11,21,0.524,1,4,0.25,3,4,0.75,2,8,10,12,2,0,6,2,26,22.7
L,44:49:00,8,15,0.533,0,3,0,8,11,0.727,4,9,13,11,2,1,5,3,24,25.2
W,34:14:00,13,18,0.722,1,3,0.333,4,7,0.571,0,5,5,11,0,0,5,1,31,26.2
W,36:50:00,9,18,0.5,0,2,0,7,10,0.7,1,13,14,8,1,0,2,1,25,23.6
L,37:17:00,9,19,0.474,1,6,0.167,4,8,0.5,0,9,9,9,2,0,5,0,23,17.7
W,34:28:00,11,14,0.786,1,2,0.5,4,7,0.571,0,8,8,12,2,1,2,1,27,31.5
W,39:35:00,12,20,0.6,4,8,0.5,4,5,0.8,0,5,5,10,0,0,5,1,32,25.5
W,42:04:00,12,18,0.667,6,8,0.75,2,5,0.4,0,7,7,17,2,2,6,6,32,32
W,38:16:00,9,16,0.563,1,2,0.5,6,8,0.75,1,5,6,9,1,1,4,2,25,22
L,40:53:00,8,19,0.421,1,4,0.25,1,3,0.333,1,4,5,7,2,2,3,1,18,13.9
W,33:09:00,11,16,0.688,1,1,1,4,4,1,0,5,5,12,2,0,6,1,27,25.7
W,39:30:00,10,14,0.714,2,3,0.667,3,6,0.5,1,7,8,14,0,0,6,3,25,23.4
W,32:35:00,12,17,0.706,4,5,0.8,3,4,0.75,0,5,5,4,1,0,4,2,31,24
W,37:06:00,7,11,0.636,0,2,0,4,6,0.667,0,13,13,15,0,3,6,1,18,22.4
W,37:11:00,8,12,0.667,1,2,0.5,7,9,0.778,0,10,10,6,0,0,3,1,24,21.8
L,40:02:00,10,21,0.476,3,6,0.5,5,8,0.625,5,8,13,10,1,1,4,3,28,25.5
W,39:10:00,14,27,0.519,6,10,0.6,4,8,0.5,1,12,13,8,0,0,2,4,38,29.4
L,38:41:00,11,22,0.5,2,5,0.4,6,10,0.6,3,14,17,6,1,1,3,2,30,25.8
L,39:05:00,12,22,0.545,0,6,0,5,8,0.625,4,10,14,10,1,0,3,1,29,27.6
W,37:34:00,8,14,0.571,2,5,0.4,6,10,0.6,0,12,12,12,0,1,4,3,24,23.3
L,40:10:00,12,20,0.6,4,11,0.364,2,3,0.667,0,7,7,5,2,0,8,2,30,19.2
W,28:24:00,6,12,0.5,0,2,0,4,5,0.8,0,11,11,12,0,0,2,0,16,19.3
W,38:15:00,13,20,0.65,2,5,0.4,5,10,0.5,0,10,10,6,2,1,6,0,33,26.1
W,37:51:00,13,22,0.591,3,8,0.375,5,8,0.625,0,6,6,7,1,0,3,2,34,26.5
L,34:10:00,8,12,0.667,0,2,0,2,4,0.5,2,4,6,5,0,0,4,1,18,13.7
W,39:54:00,9,14,0.643,0,1,0,14,16,0.875,0,9,9,11,1,2,4,2,32,33
L,40:35:00,10,21,0.476,0,4,0,4,6,0.667,3,8,11,8,0,1,3,2,24,19.5
L,29:32:00,7,17,0.412,0,3,0,3,6,0.5,3,5,8,8,0,0,2,3,17,12.7
L,39:07:00,11,20,0.55,1,7,0.143,3,7,0.429,1,9,10,8,1,1,4,0,26,21.5
W,29:56:00,14,22,0.636,3,7,0.429,3,6,0.5,2,7,9,6,0,0,2,2,34,27.9
W,51:39:00,16,29,0.552,3,10,0.3,6,12,0.5,4,10,14,11,2,1,1,4,41,38.3
W,37:06:00,7,14,0.5,0,3,0,4,6,0.667,1,10,11,11,2,1,6,2,18,17.5
W,38:33:00,14,22,0.636,1,4,0.25,7,7,1,2,8,10,6,1,2,3,3,36,32.4
L,41:25:00,12,15,0.8,1,2,0.5,2,6,0.333,1,7,8,7,2,0,5,0,27,24.4
L,46:50:00,11,21,0.524,1,3,0.333,9,10,0.9,3,13,16,10,1,0,3,6,32,29.9
W,41:12:00,12,19,0.632,1,5,0.2,4,4,1,1,15,16,9,0,2,4,3,29,28.2
W,37:25:00,10,16,0.625,2,4,0.5,2,2,1,1,4,5,8,1,1,5,2,24,20.2
L,31:12:00,8,15,0.533,1,3,0.333,5,6,0.833,0,4,4,2,1,1,1,0,22,17.6
W,37:15:00,13,20,0.65,4,6,0.667,4,5,0.8,0,2,2,13,3,0,2,1,34,35.1
L,41:22:00,12,20,0.6,1,2,0.5,4,8,0.5,1,9,10,13,0,4,8,1,29,25.1
L,30:46:00,6,11,0.545,1,3,0.333,5,6,0.833,0,3,3,8,0,0,4,3,18,13.6
L,39:28:00,7,15,0.467,1,4,0.25,1,1,1,1,9,10,7,2,0,4,2,16,13.8
L,37:28:00,14,22,0.636,1,5,0.2,4,5,0.8,1,5,6,11,2,1,8,1,33,27
W,42:41:00,23,34,0.676,2,4,0.5,9,9,1,5,6,11,7,3,2,3,2,57,53.2
L,40:35:00,10,17,0.588,0,3,0,6,6,1,2,3,5,13,1,2,6,4,26,24.3
W,36:42:00,10,20,0.5,2,4,0.5,8,10,0.8,1,7,8,9,3,0,1,1,30,29.9
L,40:01:00,15,24,0.625,1,4,0.25,2,3,0.667,0,4,4,7,1,1,8,4,33,20
W,41:47:00,6,14,0.429,1,3,0.333,6,8,0.75,1,10,11,4,0,1,6,3,19,10.8
W,36:16:00,7,14,0.5,2,4,0.5,7,10,0.7,3,6,9,12,0,3,5,1,23,23.8
W,36:38:00,12,24,0.5,4,7,0.571,3,3,1,2,4,6,8,2,1,3,4,31,25.3
W,46:08:00,17,26,0.654,4,9,0.444,1,5,0.2,1,13,14,6,0,0,6,0,39,28.8
W,27:16:00,7,14,0.5,3,5,0.6,1,1,1,0,2,2,8,1,1,0,2,18,18.1
W,33:26:00,11,17,0.647,4,7,0.571,7,9,0.778,1,5,6,5,2,0,3,2,33,28.6
W,39:34:00,10,20,0.5,3,8,0.375,4,7,0.571,1,15,16,13,0,3,3,2,27,28.4
W,31:03:00,12,23,0.522,3,7,0.429,3,4,0.75,3,11,14,6,0,0,3,0,30,24.9
W,28:26:00,10,16,0.625,1,3,0.333,0,1,0,2,10,12,6,5,1,2,1,21,25.3
W,37:34:00,8,11,0.727,3,6,0.5,5,7,0.714,1,5,6,12,2,2,3,3,24,28.5
W,39:09:00,13,22,0.591,0,3,0,8,8,1,0,2,2,12,0,1,5,1,34,28.1
W,34:16:00,9,15,0.6,2,4,0.5,3,4,0.75,0,7,7,6,2,0,2,1,23,21.6
W,41:03:00,12,18,0.667,5,8,0.625,3,6,0.5,2,9,11,9,3,2,7,0,32,30.8
L,39:25:00,12,22,0.545,1,5,0.2,4,5,0.8,2,8,10,8,1,2,3,1,29,26.4
W,38:44:00,9,23,0.391,2,6,0.333,10,12,0.833,3,10,13,13,3,0,6,1,30,27.5
W,35:01:00,11,13,0.846,2,3,0.667,1,2,0.5,0,7,7,17,2,0,2,4,25,32.3
W,38:43:00,8,18,0.444,1,6,0.167,8,12,0.667,1,11,12,12,2,2,5,0,25,24.8
W,36:48:00,9,15,0.6,1,4,0.25,10,10,1,0,11,11,10,1,0,5,2,29,27.6
W,41:21:00,8,23,0.348,2,7,0.286,2,3,0.667,2,9,11,15,0,1,6,4,20,14.4
L,34:14:00,14,22,0.636,6,11,0.545,5,5,1,0,1,1,7,3,2,7,1,39,31.4
W,39:06:00,12,23,0.522,2,5,0.4,8,8,1,1,5,6,9,3,0,4,1,34,29.8
L,40:03:00,7,18,0.389,2,7,0.286,4,7,0.571,1,5,6,6,0,0,7,2,20,7.6
L,37:42:00,6,17,0.353,0,2,0,4,5,0.8,2,8,10,14,5,0,4,2,16,19.9
L,37:27:00,12,22,0.545,1,7,0.143,4,5,0.8,1,7,8,6,2,1,6,1,29,21.3
W,33:49:00,10,17,0.588,0,2,0,4,4,1,1,5,6,8,4,1,3,2,24,24.8
L,32:42:00,8,15,0.533,0,2,0,3,3,1,0,7,7,6,1,1,4,1,19,15.3
W,37:17:00,12,23,0.522,4,7,0.571,5,7,0.714,3,7,10,9,6,1,3,1,33,34.7
L,26:35:00,4,8,0.5,1,3,0.333,1,3,0.333,1,7,8,5,0,2,3,2,10,9.1
L,32:14:00,9,16,0.563,0,1,0,8,10,0.8,0,3,3,1,1,2,2,1,26,19.2
L,40:27:00,11,25,0.44,2,9,0.222,3,4,0.75,2,6,8,11,3,1,5,2,27,22.3
L,36:15:00,12,18,0.667,0,2,0,8,13,0.615,2,6,8,6,3,4,8,3,32,26.2
W,34:47:00,7,16,0.438,0,4,0,2,8,0.25,1,4,5,6,1,0,6,1,16,5.9
L,38:22:00,8,17,0.471,0,4,0,2,4,0.5,0,3,3,7,0,1,2,2,18,12.2
L,37:57:00,10,23,0.435,2,6,0.333,6,10,0.6,2,7,9,7,0,1,5,0,28,18.4
W,39:55:00,11,17,0.647,0,2,0,4,5,0.8,0,10,10,11,4,1,11,0,26,22.5
W,37:48:00,8,15,0.533,1,4,0.25,8,9,0.889,1,7,8,14,1,0,3,0,25,27.9
L,37:45:00,9,20,0.45,2,7,0.286,1,2,0.5,0,6,6,7,0,1,4,2,21,12.8
W,38:17:00,8,21,0.381,1,6,0.167,7,11,0.636,2,9,11,5,1,0,7,1,24,12.1
L,31:22:00,3,10,0.3,1,2,0.5,4,4,1,1,8,9,9,2,1,2,0,11,15.3
L,33:05:00,10,17,0.588,2,4,0.5,3,4,0.75,1,9,10,5,1,0,6,4,25,17
W,48:19:00,16,22,0.727,5,7,0.714,0,2,0,1,9,10,15,1,1,5,3,37,36.6
W,40:43:00,8,20,0.4,0,3,0,6,7,0.857,2,10,12,19,0,0,3,2,22,24.7
W,27:54:00,9,20,0.45,2,5,0.4,4,7,0.571,0,8,8,10,1,1,2,1,24,21.1
W,39:44:00,14,23,0.609,3,7,0.429,6,10,0.6,0,8,8,8,0,1,5,1,37,28.2
L,36:36:00,13,18,0.722,1,4,0.25,5,9,0.556,1,8,9,8,2,0,4,2,32,28.9
W,36:40:00,7,16,0.438,0,2,0,4,4,1,0,14,14,11,1,0,3,0,18,19.5
L,39:58:00,14,25,0.56,2,5,0.4,3,4,0.75,2,11,13,9,1,0,6,3,33,25.5
W,38:46:00,13,25,0.52,2,4,0.5,3,3,1,4,8,12,11,1,0,1,1,31,31.2
L,39:02:00,12,24,0.5,2,6,0.333,4,6,0.667,1,8,9,8,1,0,3,2,30,23.1
L,42:23:00,8,19,0.421,1,4,0.25,8,11,0.727,1,9,10,15,2,0,3,2,25,25.8
W,28:44:00,11,17,0.647,5,7,0.714,4,6,0.667,2,5,7,7,1,0,3,2,31,27.7
W,39:08:00,15,25,0.6,5,8,0.625,4,8,0.5,1,7,8,10,1,0,3,2,39,32.9
L,38:53:00,11,20,0.55,3,7,0.429,0,2,0,0,10,10,6,2,3,5,2,25,20.1
L,31:27:00,9,20,0.45,2,8,0.25,4,5,0.8,2,8,10,7,1,1,2,0,24,21.6
W,33:13:00,7,14,0.5,1,2,0.5,13,15,0.867,0,12,12,11,3,2,5,2,28,30.1
L,41:05:00,15,25,0.6,1,4,0.25,4,9,0.444,0,14,14,6,2,3,6,4,35,26.4
W,39:53:00,15,26,0.577,2,8,0.25,1,4,0.25,1,12,13,12,1,2,6,3,33,27.5
W,40:01:00,16,29,0.552,3,7,0.429,5,8,0.625,5,7,12,10,2,1,6,2,40,33.4
W,39:24:00,11,19,0.579,1,3,0.333,12,14,0.857,1,6,7,17,1,0,0,2,35,39.9
W,29:16:00,11,16,0.688,1,4,0.25,4,6,0.667,0,6,6,9,1,1,4,3,27,24
W,38:03:00,14,19,0.737,1,4,0.25,8,10,0.8,2,8,10,8,1,0,2,3,37,35.7
L,37:59:00,7,18,0.389,0,4,0,4,5,0.8,1,5,6,7,0,0,6,1,18,8.5
W,36:53:00,14,26,0.538,4,8,0.5,9,11,0.818,2,8,10,8,1,0,4,1,41,33.6
W,41:45:00,12,24,0.5,0,4,0,3,3,1,1,8,9,11,1,0,1,0,27,25.8
W,38:32:00,5,21,0.238,2,3,0.667,4,4,1,3,10,13,12,0,0,2,1,16,14.4
W,37:16:00,8,14,0.571,3,6,0.5,8,11,0.727,0,10,10,6,0,0,5,2,27,20.6
W,38:48:00,12,20,0.6,2,7,0.286,7,10,0.7,2,7,9,14,0,0,6,2,33,29.1
L,40:11:00,17,29,0.586,4,8,0.5,6,11,0.545,1,10,11,11,2,1,8,0,44,34.6
W,38:38:00,7,16,0.438,3,6,0.5,9,10,0.9,0,6,6,11,1,0,4,2,26,22.9
L,10:33,4,9,0.444,0,2,0,2,3,0.667,1,4,5,2,1,0,3,0,10,6.2
L,37:20:00,9,16,0.563,0,4,0,8,9,0.889,2,10,12,6,1,0,6,3,26,20.4
L,38:52:00,9,22,0.409,1,7,0.143,5,7,0.714,0,5,5,5,2,1,1,0,24,18.1
L,42:52:00,11,25,0.44,2,8,0.25,8,11,0.727,2,6,8,14,1,1,5,2,32,26.6
W,28:04:00,7,16,0.438,1,5,0.2,4,4,1,0,7,7,10,3,0,0,1,19,22.3
W,34:40:00,10,17,0.588,1,5,0.2,7,10,0.7,0,11,11,11,3,0,2,3,28,29.7
L,34:18:00,13,21,0.619,2,6,0.333,7,8,0.875,1,10,11,4,2,0,4,3,35,28.4
L,36:16:00,11,23,0.478,3,6,0.5,4,5,0.8,3,7,10,8,2,2,5,2,29,24.3
W,38:34:00,11,19,0.579,2,3,0.667,5,7,0.714,0,5,5,6,3,0,3,3,29,23.8
W,31:21:00,9,20,0.45,1,5,0.2,9,11,0.818,0,5,5,7,0,2,3,1,28,21.2
L,28:17:00,6,12,0.5,2,3,0.667,4,7,0.571,0,2,2,6,0,1,3,3,18,12.1
W,38:32:00,10,21,0.476,3,9,0.333,1,2,0.5,1,10,11,9,0,2,3,1,24,20.9
W,31:17:00,10,18,0.556,3,6,0.5,2,3,0.667,1,6,7,2,1,0,3,2,25,17.1
W,34:18:00,10,20,0.5,3,9,0.333,3,7,0.429,3,4,7,4,2,0,4,1,26,18.1
W,36:00:00,13,19,0.684,5,6,0.833,13,15,0.867,2,8,10,9,1,3,4,0,44,44.3
L,25:53:00,8,19,0.421,3,6,0.5,3,4,0.75,0,4,4,7,0,1,3,0,22,15.3
W,38:29:00,19,31,0.613,6,8,0.75,7,10,0.7,1,7,8,3,2,1,2,3,51,40.1
W,35:30:00,11,20,0.55,2,6,0.333,8,12,0.667,2,12,14,7,0,1,4,3,32,26.2
W,35:04:00,8,17,0.471,2,5,0.4,4,6,0.667,1,9,10,7,2,1,5,1,22,18.1
L,40:27:00,8,14,0.571,2,7,0.286,6,11,0.545,0,4,4,7,0,1,6,4,24,14.6
L,30:04:00,5,15,0.333,0,4,0,4,6,0.667,0,7,7,2,2,2,4,0,14,7.6
W,38:09:00,15,27,0.556,2,7,0.286,6,10,0.6,1,8,9,7,2,0,4,2,38,28.7
W,31:19:00,12,21,0.571,2,4,0.5,2,4,0.5,2,3,5,4,0,1,4,3,28,17.9
W,30:59:00,9,17,0.529,1,5,0.2,3,4,0.75,0,6,6,8,0,1,5,0,22,16.4
W,39:42:00,15,24,0.625,3,7,0.429,9,13,0.692,0,5,5,6,2,0,2,1,42,34.9
L,37:21:00,13,28,0.464,3,8,0.375,6,9,0.667,2,6,8,11,2,0,1,4,35,29.7
W,31:38:00,9,18,0.5,0,3,0,2,3,0.667,1,7,8,9,2,0,5,2,20,15.9
W,37:31:00,10,19,0.526,4,7,0.571,4,8,0.5,0,9,9,12,1,0,2,0,28,27.2
L,36:26:00,12,18,0.667,3,6,0.5,2,6,0.333,0,5,5,4,2,0,3,1,29,22.5
W,30:13:00,7,15,0.467,2,6,0.333,8,12,0.667,1,11,12,11,1,0,3,0,24,24.4
L,32:00:00,5,16,0.313,0,2,0,3,6,0.5,0,6,6,3,0,1,4,0,13,3.2
L,41:12:00,13,23,0.565,2,7,0.286,8,13,0.615,1,12,13,8,1,1,5,1,36,29.3
W,38:45:00,8,20,0.4,0,4,0,6,9,0.667,2,10,12,14,2,0,2,3,22,23
L,35:37:00,8,14,0.571,2,5,0.4,4,4,1,1,13,14,7,1,1,4,0,22,22.6
W,21:15,6,11,0.545,0,2,0,5,8,0.625,2,11,13,5,1,0,2,1,17,17.3
W,40:26:00,9,22,0.409,1,6,0.167,5,7,0.714,1,13,14,9,1,0,4,0,24,19.3
L,30:13:00,7,12,0.583,2,5,0.4,2,3,0.667,0,7,7,9,1,0,6,1,18,15
W,37:44:00,11,21,0.524,5,10,0.5,1,5,0.2,2,10,12,12,3,0,3,4,28,27.3
L,33:09:00,8,16,0.5,2,6,0.333,0,0,,0,10,10,9,0,0,4,3,18,14.1
L,43:03:00,8,20,0.4,3,10,0.3,9,11,0.818,2,9,11,16,3,1,2,3,28,32.2
W,40:08:00,11,23,0.478,0,4,0,7,10,0.7,4,8,12,6,1,1,4,1,29,22.8
L,38:31:00,11,17,0.647,3,6,0.5,2,6,0.333,0,7,7,12,4,1,4,0,27,29.1
L,39:44:00,8,23,0.348,0,4,0,8,10,0.8,3,9,12,11,3,0,5,3,24,19.6
W,37:19:00,13,24,0.542,4,9,0.444,3,8,0.375,1,5,6,10,2,1,2,2,33,28.5
L,38:49:00,10,19,0.526,3,8,0.375,8,10,0.8,2,5,7,10,1,0,3,2,31,28
L,40:46:00,10,21,0.476,4,9,0.444,3,7,0.429,0,9,9,16,0,0,3,2,27,24.8
L,42:24:00,9,18,0.5,1,6,0.167,8,12,0.667,0,8,8,6,1,1,2,3,27,21.5
L,31:07:00,13,22,0.591,2,7,0.286,3,8,0.375,0,7,7,7,1,1,4,4,31,21.9
L,27:46:00,13,23,0.565,1,5,0.2,3,7,0.429,2,8,10,12,0,0,3,0,30,26.7
W,33:24:00,15,23,0.652,2,4,0.5,4,5,0.8,1,9,10,4,2,0,5,2,36,27.9
L,31:47:00,12,23,0.522,1,5,0.2,4,7,0.571,0,4,4,6,1,0,4,2,29,18.1
L,35:00:00,11,26,0.423,0,6,0,11,13,0.846,2,4,6,8,0,1,2,2,33,24.5
L,36:42:00,8,25,0.32,1,7,0.143,8,12,0.667,3,6,9,14,1,1,8,3,25,15.3
W,35:16:00,9,22,0.409,3,6,0.5,8,9,0.889,2,9,11,11,2,1,4,1,29,26.9
W,33:54:00,11,20,0.55,1,6,0.167,0,2,0,0,7,7,14,1,0,3,1,23,22.1
W,31:58:00,11,19,0.579,4,7,0.571,1,2,0.5,0,3,3,9,0,0,6,1,27,18.5
L,36:00:00,7,19,0.368,1,5,0.2,3,4,0.75,1,9,10,8,1,1,5,3,18,11.6
W,30:34:00,12,22,0.545,1,4,0.25,7,8,0.875,2,5,7,10,1,0,1,0,32,30.9
W,35:01:00,7,14,0.5,1,3,0.333,5,5,1,1,5,6,12,1,0,4,0,20,20.6
W,28:19:00,8,15,0.533,2,5,0.4,5,7,0.714,0,2,2,8,0,1,6,0,23,15.8
W,42:32:00,13,23,0.565,4,9,0.444,9,11,0.818,0,12,12,16,4,1,4,5,39,40.8
W,37:18:00,8,23,0.348,0,6,0,5,10,0.5,1,10,11,13,2,1,5,2,21,15.8
W,35:11:00,10,19,0.526,2,6,0.333,8,9,0.889,0,10,10,11,2,1,2,3,30,30.5
W,36:03:00,10,19,0.526,4,7,0.571,1,2,0.5,1,3,4,6,0,0,3,2,25,17.3
L,35:20:00,5,15,0.333,0,2,0,3,6,0.5,3,10,13,15,0,1,2,0,13,17.6
W,37:04:00,8,18,0.444,1,4,0.25,2,7,0.286,0,7,7,11,0,0,1,0,19,16.4
W,26:29:00,11,21,0.524,1,5,0.2,0,1,0,2,4,6,12,1,1,4,1,23,20.6
W,38:40:00,10,20,0.5,2,7,0.286,7,7,1,3,1,4,11,3,0,2,1,29,29.7
W,33:07:00,13,21,0.619,6,10,0.6,1,1,1,0,7,7,12,1,1,0,1,33,35.3
W,37:08:00,10,21,0.476,2,5,0.4,3,5,0.6,0,11,11,10,2,0,7,2,25,18
W,35:37:00,9,20,0.45,1,3,0.333,4,6,0.667,1,5,6,14,1,1,5,2,23,19.7
W,38:50:00,14,27,0.519,2,9,0.222,0,0,,1,5,6,4,2,0,5,1,30,18.3
W,35:08:00,13,24,0.542,4,7,0.571,3,8,0.375,1,3,4,14,0,1,3,2,33,27.7
W,37:35:00,10,18,0.556,2,6,0.333,7,11,0.636,2,3,5,11,2,1,5,2,29,25.7
W,24:36:00,9,16,0.563,4,8,0.5,1,2,0.5,0,3,3,11,2,1,6,1,23,19.9
L,36:25:00,11,20,0.55,0,5,0,3,3,1,0,9,9,8,4,0,6,3,25,20.5
W,36:53:00,9,18,0.5,1,4,0.25,6,6,1,2,4,6,9,0,0,4,3,25,19.7
W,29:28:00,9,21,0.429,1,6,0.167,1,1,1,0,4,4,12,1,0,1,3,20,17.3
W,33:45:00,11,23,0.478,4,9,0.444,5,7,0.714,1,6,7,8,0,1,3,1,31,23.9
W,27:51:00,12,20,0.6,6,8,0.75,2,2,1,1,3,4,13,1,0,5,4,32,27.9
W,37:55:00,11,24,0.458,1,6,0.167,2,5,0.4,2,9,11,10,2,0,6,2,25,17.7
W,37:26:00,11,22,0.5,4,8,0.5,2,4,0.5,2,7,9,12,1,0,8,2,28,20.3
W,36:56:00,12,21,0.571,4,10,0.4,4,7,0.571,1,12,13,7,1,3,4,1,32,28.8
L,34:54:00,8,20,0.4,0,6,0,4,8,0.5,1,8,9,9,0,0,5,2,20,11.2
L,36:44:00,8,19,0.421,3,7,0.429,2,2,1,0,12,12,11,0,0,4,5,21,16.2
L,38:50:00,9,24,0.375,2,12,0.167,3,4,0.75,3,6,9,10,2,1,2,3,23,19.8
W,36:44:00,7,15,0.467,1,4,0.25,6,8,0.75,1,6,7,16,2,1,1,2,21,27.1
W,34:19:00,3,10,0.3,2,4,0.5,5,6,0.833,0,6,6,13,2,0,2,2,13,16.9
W,38:04:00,11,21,0.524,1,4,0.25,8,12,0.667,2,11,13,12,2,1,5,0,31,29.9
W,37:13:00,7,17,0.412,1,3,0.333,2,5,0.4,0,8,8,15,2,0,2,1,17,19.2
W,35:01:00,10,21,0.476,0,3,0,1,2,0.5,3,11,14,11,0,0,3,2,21,19.2
W,31:26:00,9,19,0.474,6,12,0.5,7,7,1,0,5,5,5,2,1,4,2,31,24.2
W,32:16:00,14,25,0.56,3,6,0.5,4,5,0.8,2,14,16,7,1,0,3,0,35,31.2
W,32:43:00,12,16,0.75,1,3,0.333,6,7,0.857,0,2,2,8,1,0,3,2,31,27.6
L,36:15:00,7,19,0.368,2,9,0.222,3,5,0.6,0,3,3,19,1,0,5,1,19,17.5
W,35:24:00,13,25,0.52,2,7,0.286,3,5,0.6,0,5,5,12,2,0,6,3,31,22.6
L,29:11:00,5,12,0.417,0,2,0,5,5,1,3,4,7,13,0,0,4,1,15,16.6
W,36:03:00,9,16,0.563,2,5,0.4,1,3,0.333,0,6,6,5,5,0,4,0,21,18.9
W,33:36:00,11,19,0.579,3,6,0.5,2,2,1,2,9,11,10,1,1,5,0,27,25.9
L,35:21:00,9,18,0.5,1,6,0.167,10,13,0.769,0,7,7,8,1,0,8,3,29,18.3
L,37:59:00,9,22,0.409,3,8,0.375,1,4,0.25,2,6,8,10,0,1,5,2,22,14.1
W,33:34:00,6,15,0.4,1,4,0.25,2,3,0.667,0,10,10,11,2,0,2,3,15,16
W,34:11:00,12,20,0.6,6,9,0.667,6,9,0.667,1,6,7,9,1,0,2,1,36,33
L,36:38:00,8,19,0.421,1,8,0.125,1,1,1,2,7,9,15,2,0,6,0,18,17.9
W,33:34:00,7,17,0.412,3,8,0.375,5,6,0.833,0,8,8,11,1,0,7,2,22,15.8
W,30:05:00,6,16,0.375,3,6,0.5,2,4,0.5,0,8,8,9,1,0,8,2,17,8.3
W,41:30:00,15,29,0.517,1,7,0.143,1,4,0.25,1,11,12,14,0,0,3,3,32,26.1
W,35:35:00,10,17,0.588,1,4,0.25,11,12,0.917,0,3,3,7,0,2,1,0,32,29.9
W,35:29:00,9,19,0.474,4,10,0.4,7,12,0.583,0,8,8,9,0,0,2,4,29,22.4
W,34:12:00,17,27,0.63,5,11,0.455,1,2,0.5,2,6,8,6,0,1,7,1,40,28.2
L,34:19:00,8,18,0.444,2,8,0.25,1,2,0.5,2,6,8,10,1,1,5,1,19,15.7
W,36:23:00,14,21,0.667,3,5,0.6,3,3,1,0,12,12,13,2,0,6,2,34,32.8
W,33:45:00,9,16,0.563,2,5,0.4,2,3,0.667,1,6,7,14,1,2,3,1,22,25.3
W,36:30:00,12,21,0.571,1,7,0.143,12,15,0.8,0,8,8,8,3,0,4,4,37,31.3
W,34:31:00,7,17,0.412,2,6,0.333,12,14,0.857,2,6,8,9,0,2,2,3,28,25.8
L,34:52:00,12,22,0.545,4,9,0.444,1,5,0.2,1,11,12,9,1,0,3,1,29,24.7
W,34:18:00,6,19,0.316,2,7,0.286,2,2,1,2,9,11,7,1,1,5,3,16,9.6
L,34:36:00,7,15,0.467,2,5,0.4,4,7,0.571,1,9,10,5,0,1,4,1,20,14.3
W,34:53:00,9,16,0.563,2,5,0.4,2,2,1,1,7,8,9,2,1,4,3,22,21
L,30:17:00,7,19,0.368,0,5,0,5,8,0.625,1,10,11,4,1,0,0,1,19,14.4
L,35:09:00,13,24,0.542,2,6,0.333,3,6,0.5,1,7,8,7,0,1,1,4,31,24
W,38:06:00,9,21,0.429,5,11,0.455,6,10,0.6,0,1,1,12,0,2,5,0,29,21.4
L,14:36,6,13,0.462,2,5,0.4,3,3,1,1,2,3,4,0,0,3,0,17,11.4
